CVE-2019-17351;4.9
CVE-2019-17133;7.5
CVE-2019-17075;7.1
CVE-2019-17056;2.1
CVE-2019-17055;2.1
CVE-2019-17054;2.1
CVE-2019-17053;2.1
CVE-2019-17052;2.1
CVE-2019-16995;7.8
CVE-2019-16994;7.8
CVE-2019-16921;5.0
CVE-2019-16746;7.5
CVE-2019-16714;5.0
CVE-2019-16413;5.0
CVE-2019-16234;7.8
CVE-2019-16233;7.8
CVE-2019-16232;7.8
CVE-2019-16231;7.8
CVE-2019-16230;7.8
CVE-2019-16229;7.8
CVE-2019-16089;7.5
CVE-2019-15927;7.2
CVE-2019-15926;9.4
CVE-2019-15925;7.2
CVE-2019-15924;4.9
CVE-2019-15923;4.9
CVE-2019-15922;4.9
CVE-2019-15921;4.6
CVE-2019-15920;7.2
CVE-2019-15919;7.2
CVE-2019-15918;7.2
CVE-2019-15917;7.2
CVE-2019-15916;7.8
CVE-2019-15902;4.7
CVE-2019-15807;7.8
CVE-2019-15666;7.8
CVE-2019-15538;7.8
CVE-2019-15505;10.0
CVE-2019-15504;10.0
CVE-2019-15292;10.0
CVE-2019-15291;4.9
CVE-2019-15239;7.2
CVE-2019-15223;4.9
CVE-2019-15222;4.9
CVE-2019-15221;4.9
CVE-2019-15220;4.9
CVE-2019-15219;4.9
CVE-2019-15218;4.9
CVE-2019-15217;4.9
CVE-2019-15216;4.9
