CVE-2021-3492;N/A
CVE-2020-36322;N/A
CVE-2021-29154;7.8
CVE-2021-30178;5.5
CVE-2020-36313;7.8
CVE-2020-36312;5.5
CVE-2020-36311;5.5
CVE-2020-36310;5.5
CVE-2021-30002;6.2
CVE-2021-29650;5.5
CVE-2021-29649;5.5
CVE-2021-29648;5.5
CVE-2021-29647;5.5
CVE-2021-29646;5.5
CVE-2021-29266;7.8
CVE-2021-29265;4.7
CVE-2021-29264;5.5
CVE-2020-35508;4.5
CVE-2021-3444;7.8
CVE-2021-20219;5.5
CVE-2021-28972;7.8
CVE-2021-28971;5.5
CVE-2021-28964;4.7
CVE-2020-27171;6.0
CVE-2020-27170;4.7
CVE-2021-28952;7.8
CVE-2021-28951;5.5
CVE-2021-28950;5.5
CVE-2021-28660;7.8
CVE-2021-28375;7.8
CVE-2021-20261;6.4
CVE-2021-20265;5.5
CVE-2021-3411;6.7
CVE-2021-20268;7.8
CVE-2021-27365;7.8
CVE-2021-27364;7.1
CVE-2021-27363;4.4
CVE-2021-28039;6.5
CVE-2021-28038;6.5
CVE-2020-25639;4.4
CVE-2020-14372;7.5
CVE-2021-20194;7.8
CVE-2021-20226;7.8
CVE-2020-35499;6.7
CVE-2020-12364;5.5
CVE-2020-12363;5.5
CVE-2020-12362;7.8
CVE-2021-26934;7.8
CVE-2021-26932;5.5
CVE-2021-26931;5.5
CVE-2021-26930;7.8
CVE-2021-26708;7.0
CVE-2020-24490;6.5
CVE-2021-3348;7.0
CVE-2021-3347;7.8
CVE-2020-35513;4.9
CVE-2021-3178;6.5
CVE-2020-16119;7.8
CVE-2020-28374;8.1
CVE-2021-1056;7.1
CVE-2021-1053;5.5
CVE-2021-1052;7.8
CVE-2020-27835;4.4
CVE-2020-36158;6.7
CVE-2020-29569;8.8
CVE-2020-27777;6.7
CVE-2020-27825;5.7
CVE-2020-27786;7.8
CVE-2020-29661;7.8
CVE-2020-29660;4.4
CVE-2020-29534;7.8
CVE-2020-14381;7.8
CVE-2020-14351;7.8
CVE-2020-25704;5.5
CVE-2020-25656;4.1
CVE-2020-14305;8.1
CVE-2020-29374;7.0
CVE-2020-29373;6.5
CVE-2020-29372;4.7
CVE-2020-29371;3.3
CVE-2020-29370;7.0
CVE-2020-29369;7.0
CVE-2020-29368;7.0
CVE-2019-20934;5.3
CVE-2020-15437;4.4
CVE-2020-15436;6.7
CVE-2020-12352;6.5
CVE-2020-12351;8.8
CVE-2020-28974;5.0
CVE-2020-28941;5.5
CVE-2020-28915;5.8
CVE-2020-25705;7.4
CVE-2020-8694;5.5
CVE-2020-27152;5.5
CVE-2020-25662;6.5
CVE-2020-25661;8.8
CVE-2020-27675;4.7
CVE-2020-27673;5.5
CVE-2020-27194;5.5
CVE-2020-25645;7.5
CVE-2020-25643;7.2
CVE-2020-25641;5.5
CVE-2020-26541;6.5
CVE-2020-26088;5.5
CVE-2020-14390;5.6
CVE-2020-0430;7.8
CVE-2020-14386;7.8
CVE-2020-10781;5.5
CVE-2020-10768;5.5
CVE-2020-10767;5.5
CVE-2020-10766;5.5
CVE-2020-14385;5.5
CVE-2020-14314;5.5
CVE-2020-14304;4.4
CVE-2020-14331;6.6
CVE-2020-15590;7.5
CVE-2020-25285;6.4
CVE-2020-25284;4.1
CVE-2020-10773;4.4
CVE-2020-25221;7.8
CVE-2020-25220;7.8
CVE-2020-25211;6.0
CVE-2020-1749;7.5
CVE-2020-10720;5.5
CVE-2020-24385;5.5
CVE-2020-14356;7.8
CVE-2020-24394;7.1
CVE-2020-16166;3.7
CVE-2020-15852;7.8
CVE-2020-15780;6.7
CVE-2019-20908;6.7
CVE-2019-19338;5.5
CVE-2020-15393;5.5
CVE-2020-14416;4.2
CVE-2020-10732;4.4
CVE-2020-10757;7.8
CVE-2020-13974;7.8
CVE-2019-20812;5.5
CVE-2019-20811;5.5
CVE-2019-20810;5.5
CVE-2019-20806;4.4
CVE-2020-10751;6.1
CVE-2020-10711;5.9
CVE-2020-13143;6.5
CVE-2020-12888;5.3
CVE-2020-12826;5.3
CVE-2020-12771;5.5
CVE-2020-12770;6.7
CVE-2020-12769;5.5
CVE-2020-12768;5.5
CVE-2019-20794;4.7
CVE-2019-14898;7.0
CVE-2012-0953;5.0
CVE-2020-12659;6.7
CVE-2020-12657;7.8
CVE-2020-12656;5.5
CVE-2020-12655;5.5
CVE-2020-12654;7.1
CVE-2020-12652;4.1
CVE-2020-12114;4.7
CVE-2020-12465;6.7
CVE-2020-12464;6.7
CVE-2020-11884;7.0
CVE-2019-15794;6.7
CVE-2019-15793;8.8
CVE-2019-15792;7.8
CVE-2019-15791;7.8
CVE-2020-11725;7.8
CVE-2020-11669;5.5
CVE-2020-8832;5.5
CVE-2020-8834;6.5
CVE-2020-11668;7.1
CVE-2020-2732;6.8
CVE-2019-20636;6.7
CVE-2020-11609;4.3
CVE-2020-11608;4.3
CVE-2020-11565;6.0
CVE-2020-11494;4.4
CVE-2020-8835;7.8
CVE-2020-5291;7.8
CVE-2020-10942;5.3
CVE-2020-0069;7.8
CVE-2020-9391;5.5
CVE-2020-9383;7.1
CVE-2011-4915;5.5
CVE-2011-0699;7.0
CVE-2015-2923;6.5
CVE-2011-2498;5.5
CVE-2012-0055;7.8
CVE-2020-8992;5.5
CVE-2012-0810;5.5
CVE-2014-9390;9.8
CVE-2009-4067;6.8
CVE-2020-8649;5.9
CVE-2020-8648;7.1
CVE-2020-8647;6.1
CVE-2019-3016;4.7
CVE-2020-8428;7.1
CVE-2019-20422;5.5
CVE-2019-1353;9.8
CVE-2019-9503;8.3
CVE-2019-18282;5.3
CVE-2007-4774;5.9
CVE-2020-7053;7.8
CVE-2019-19332;6.1
CVE-2019-19927;6.0
CVE-2019-20096;5.5
CVE-2019-20095;5.5
CVE-2019-20054;5.5
CVE-2019-19966;4.3
CVE-2019-19965;4.7
CVE-2019-19947;4.6
CVE-2019-5108;6.5
CVE-2019-19922;5.5
CVE-2019-10557;9.8
CVE-2019-19241;7.8
CVE-2019-19815;5.5
CVE-2019-19816;7.8
CVE-2019-19814;7.8
CVE-2019-19813;5.5
CVE-2019-11165;5.5
CVE-2019-19807;7.8
CVE-2019-19770;8.2
CVE-2019-19769;6.7
CVE-2019-19768;7.5
CVE-2019-19767;5.5
CVE-2019-19449;7.8
CVE-2019-19448;7.8
CVE-2019-19447;7.8
CVE-2019-19602;6.1
CVE-2019-19543;7.8
CVE-2019-19537;4.2
CVE-2019-19536;4.6
CVE-2019-19535;4.6
CVE-2019-19534;2.4
CVE-2019-19533;2.4
CVE-2019-19532;6.8
CVE-2019-19531;6.8
CVE-2019-19530;4.6
CVE-2019-19529;6.3
CVE-2019-19528;6.1
CVE-2019-19527;6.8
CVE-2019-19526;4.6
CVE-2019-19525;4.6
CVE-2019-19524;4.6
CVE-2019-19523;4.6
CVE-2019-19462;5.5
CVE-2019-19378;7.8
CVE-2019-19377;7.8
CVE-2019-14901;9.8
CVE-2019-14897;9.8
CVE-2019-14895;9.8
CVE-2019-19318;4.4
CVE-2019-19319;6.5
CVE-2019-18660;4.7
CVE-2019-10220;8.8
CVE-2019-14896;9.8
CVE-2019-19252;7.8
CVE-2019-18675;7.8
CVE-2019-10207;5.5
CVE-2019-14815;7.8
CVE-2019-19227;5.5
CVE-2019-19037;5.5
CVE-2019-19039;5.5
CVE-2019-19036;5.5
CVE-2019-19083;4.7
CVE-2019-19082;4.7
CVE-2019-19081;5.9
CVE-2019-19080;5.9
CVE-2019-19079;7.5
CVE-2019-19078;7.5
CVE-2019-19077;5.5
CVE-2019-19076;5.9
CVE-2019-19075;7.5
CVE-2019-19074;7.5
CVE-2019-19073;4.0
CVE-2019-19072;4.4
CVE-2019-19071;7.5
CVE-2019-19070;7.5
CVE-2019-19069;7.5
CVE-2019-19068;4.6
CVE-2019-19067;4.4
CVE-2019-19066;4.7
CVE-2019-19065;4.7
CVE-2019-19064;7.5
CVE-2019-19063;4.6
CVE-2019-19062;4.7
CVE-2019-19061;7.5
CVE-2019-19060;7.5
CVE-2019-19059;4.7
CVE-2019-19058;4.7
CVE-2019-19057;3.3
CVE-2019-19056;4.7
CVE-2019-19055;5.5
CVE-2019-19054;4.7
CVE-2019-19053;7.5
CVE-2019-19052;7.5
CVE-2019-19051;5.5
CVE-2019-19050;7.5
CVE-2019-19049;7.5
CVE-2019-19048;7.5
CVE-2019-19047;5.5
CVE-2019-19046;6.5
CVE-2019-19045;4.4
CVE-2019-19044;7.5
CVE-2019-19043;5.5
CVE-2019-0155;7.8
CVE-2019-18885;5.5
CVE-2010-4661;7.8
CVE-2007-3732;5.5
CVE-2010-2243;7.5
CVE-2019-18814;9.8
CVE-2019-18813;7.5
CVE-2019-18812;7.5
CVE-2019-18811;5.5
CVE-2019-18810;7.5
CVE-2019-18809;4.6
CVE-2019-18808;5.5
CVE-2019-18807;7.5
CVE-2019-18806;5.5
CVE-2019-18805;9.8
CVE-2014-3180;9.1
CVE-2014-8181;5.5
CVE-2019-18786;5.5
CVE-2019-18683;7.0
CVE-2019-18680;7.5
CVE-2013-4367;7.8
CVE-2019-18198;7.8
CVE-2019-17666;8.8
CVE-2019-2215;7.8
CVE-2019-17347;7.8
CVE-2019-17351;6.5
CVE-2019-17133;9.8
CVE-2019-17075;7.5
CVE-2019-17056;3.3
CVE-2019-17055;3.3
CVE-2019-17054;3.3
CVE-2019-17053;3.3
CVE-2019-17052;3.3
CVE-2019-16995;7.5
CVE-2019-16994;4.7
CVE-2019-16921;7.5
CVE-2019-16746;9.8
CVE-2019-16714;7.5
CVE-2019-14816;7.8
CVE-2019-14814;7.8
CVE-2019-14821;8.8
CVE-2019-16413;7.5
CVE-2019-14835;7.8
CVE-2019-15031;4.4
CVE-2019-15030;4.4
CVE-2019-16234;4.7
CVE-2019-16233;4.1
CVE-2019-16232;4.1
CVE-2019-16231;4.1
CVE-2019-16230;4.7
CVE-2019-16229;4.1
CVE-2019-16089;4.1
CVE-2019-15927;7.8
CVE-2019-15926;9.1
CVE-2019-15925;7.8
CVE-2018-21008;5.5
CVE-2017-18595;7.8
CVE-2019-15924;5.5
CVE-2019-15923;5.5
CVE-2019-15922;5.5
CVE-2019-15921;4.7
CVE-2019-15920;4.3
CVE-2019-15919;3.3
CVE-2019-15918;7.8
CVE-2019-15917;7.0
CVE-2019-15916;7.5
CVE-2019-15902;5.6
CVE-2019-15807;4.7
CVE-2019-15666;4.4
CVE-2019-15538;7.5
CVE-2019-15505;9.8
CVE-2019-15504;9.8
CVE-2019-15292;9.8
CVE-2019-15291;4.6
CVE-2019-15239;7.8
CVE-2019-15223;4.6
CVE-2019-15222;4.6
CVE-2019-15221;4.6
CVE-2019-15220;4.6
CVE-2019-15219;4.6
CVE-2019-15218;4.6
CVE-2019-15217;4.6
CVE-2019-15216;4.6
CVE-2019-15215;4.6
CVE-2019-15214;6.4
CVE-2019-15213;4.6
CVE-2019-15212;4.6
CVE-2019-15211;4.6
CVE-2018-20976;7.8
CVE-2017-18552;7.8
CVE-2017-18551;6.7
CVE-2017-18550;5.5
CVE-2017-18549;5.5
CVE-2016-10907;7.8
CVE-2016-10906;7.0
CVE-2016-10905;7.8
CVE-2019-15118;5.5
CVE-2019-15117;7.8
CVE-2019-15099;7.5
CVE-2019-15098;4.6
CVE-2019-15090;6.7
CVE-2019-10140;5.5
CVE-2017-18509;7.8
CVE-2019-14763;5.5
CVE-2018-20961;9.8
CVE-2019-10142;7.8
CVE-2018-16871;7.5
CVE-2017-18379;9.8
CVE-2016-10764;9.8
CVE-2015-9289;5.5
CVE-2012-6712;9.8
CVE-2011-5327;9.8
CVE-2010-5332;5.6
CVE-2010-5331;7.8
CVE-2007-6762;9.8
CVE-2019-14284;6.2
CVE-2019-14283;6.8
CVE-2018-20856;7.8
CVE-2018-20855;3.3
CVE-2018-20854;7.8
CVE-2019-13648;5.5
CVE-2019-13631;6.8
CVE-2019-13272;7.8
CVE-2019-10639;7.5
CVE-2019-10638;6.5
CVE-2019-13233;7.0
CVE-2019-6637;6.5
CVE-2019-12984;5.5
CVE-2019-12817;7.0
CVE-2019-3896;7.8
CVE-2019-11479;7.5
CVE-2019-11478;7.5
CVE-2019-11477;7.5
CVE-2019-12881;7.8
CVE-2019-10126;9.8
CVE-2019-12819;5.5
CVE-2019-12818;7.5
CVE-2019-12615;7.5
CVE-2019-12614;4.1
CVE-2019-12456;7.8
CVE-2019-12455;5.5
CVE-2019-12454;7.8
CVE-2019-12382;5.5
CVE-2019-12381;5.5
CVE-2019-12380;5.5
CVE-2019-12379;5.5
CVE-2019-12378;5.5
CVE-2019-11085;7.8
CVE-2018-7191;5.5
CVE-2019-11833;5.5
CVE-2019-11884;3.3
CVE-2019-11815;8.1
CVE-2019-11811;7.0
CVE-2019-11810;7.5
CVE-2018-20836;8.1
CVE-2019-11683;9.8
CVE-2018-20510;5.5
CVE-2018-20509;5.5
CVE-2019-11599;7.0
CVE-2019-3900;7.7
CVE-2019-3882;5.5
CVE-2019-11487;7.8
CVE-2019-11486;7.0
CVE-2019-7303;7.5
CVE-2013-7470;5.9
CVE-2011-3151;5.9
CVE-2019-11191;2.5
CVE-2019-11190;4.7
CVE-2019-3460;6.5
CVE-2019-3459;6.5
CVE-2018-20449;5.5
CVE-2019-8956;7.8
CVE-2019-10125;9.8
CVE-2019-10063;9.0
CVE-2019-9857;5.5
CVE-2019-7222;5.5
CVE-2019-7221;7.8
CVE-2018-20669;7.8
CVE-2018-19985;4.6
CVE-2019-9213;5.5
CVE-2019-9162;7.8
CVE-2019-9112;5.5
CVE-2019-9111;5.5
CVE-2018-20788;5.5
CVE-2018-20787;5.5
CVE-2019-9003;7.5
CVE-2018-20784;9.8
CVE-2019-8980;7.5
CVE-2019-8912;7.8
CVE-2019-6974;8.1
CVE-2018-13893;7.8
CVE-2018-13889;7.8
CVE-2018-12014;7.8
CVE-2018-12011;5.5
CVE-2018-12010;7.8
CVE-2018-12006;5.5
CVE-2018-11962;7.8
CVE-2019-7308;5.6
CVE-2016-10741;4.7
CVE-2017-18360;5.5
CVE-2018-16880;7.0
CVE-2019-3819;4.4
CVE-2019-5489;5.5
CVE-2019-3701;4.4
CVE-2018-16885;5.5
CVE-2018-16882;8.8
CVE-2018-20511;5.5
CVE-2018-11988;7.8
CVE-2018-11987;7.8
CVE-2018-11986;7.8
CVE-2018-11985;7.8
CVE-2018-11984;7.8
CVE-2018-11983;7.8
CVE-2018-11965;7.8
CVE-2018-11964;7.8
CVE-2018-11963;7.8
CVE-2018-11961;7.8
CVE-2018-11960;7.8
CVE-2017-9704;7.8
CVE-2018-16884;8.0
CVE-2018-20169;6.8
CVE-2018-18397;5.5
CVE-2018-11905;9.8
CVE-2017-15835;6.5
CVE-2017-14888;7.8
CVE-2018-19939;7.5
CVE-2018-19854;4.7
CVE-2018-19824;7.8
CVE-2018-5919;7.8
CVE-2018-5910;7.8
CVE-2018-5909;7.8
CVE-2018-5908;7.8
CVE-2018-5906;7.8
CVE-2018-5904;7.8
CVE-2018-5861;7.8
CVE-2018-5856;7.8
CVE-2018-11995;7.8
CVE-2018-11956;7.8
CVE-2018-11946;6.5
CVE-2018-11943;7.8
CVE-2018-11919;7.8
CVE-2018-11918;7.8
CVE-2018-11914;7.8
CVE-2018-11913;7.8
CVE-2018-11912;7.8
CVE-2018-11911;7.8
CVE-2018-11910;7.8
CVE-2018-11909;7.8
CVE-2018-11908;7.8
CVE-2018-11907;7.8
CVE-2018-11906;7.8
CVE-2018-11823;7.8
CVE-2018-11266;7.8
CVE-2018-11261;7.8
CVE-2018-11260;7.8
CVE-2017-11078;7.8
CVE-2018-16862;5.5
CVE-2018-14646;5.5
CVE-2018-19486;9.8
CVE-2018-19407;5.5
CVE-2018-19406;5.5
CVE-2018-18955;7.0
CVE-2018-18281;7.8
CVE-2017-18281;5.5
CVE-2018-18710;5.5
CVE-2018-18690;5.5
CVE-2018-6559;3.3
CVE-2018-18653;7.8
CVE-2018-18559;8.1
CVE-2018-18386;3.3
CVE-2018-18445;7.8
CVE-2018-14656;5.5
CVE-2018-17977;4.4
CVE-2018-18021;7.1
CVE-2018-17972;5.5
CVE-2018-14634;7.8
CVE-2018-14633;7.0
CVE-2018-16597;5.5
CVE-2018-5905;7.0
CVE-2018-3574;5.5
CVE-2018-3573;7.8
CVE-2018-11904;7.8
CVE-2018-11903;7.8
CVE-2018-11902;7.8
CVE-2018-11898;7.8
CVE-2018-11897;7.8
CVE-2018-11895;7.8
CVE-2018-11894;7.8
CVE-2018-11893;7.8
CVE-2018-11891;8.8
CVE-2018-11889;7.8
CVE-2018-11886;7.8
CVE-2018-11883;7.8
CVE-2018-11878;7.8
CVE-2018-17182;7.8
CVE-2018-11869;7.8
CVE-2018-11868;7.8
CVE-2018-11863;7.8
CVE-2018-11860;7.8
CVE-2018-11852;7.8
CVE-2018-11851;7.8
CVE-2018-11843;7.8
CVE-2018-11842;7.8
CVE-2018-11840;7.8
CVE-2018-11836;7.8
CVE-2018-11832;7.8
CVE-2018-11827;7.8
CVE-2018-11826;7.8
CVE-2018-11818;7.0
CVE-2018-11302;7.8
CVE-2018-11301;7.8
CVE-2018-11300;7.8
CVE-2018-11299;7.8
CVE-2018-11298;7.8
CVE-2018-11297;7.8
CVE-2018-11296;7.8
CVE-2018-11295;7.8
CVE-2018-11294;8.0
CVE-2018-11293;5.7
CVE-2018-11286;7.8
CVE-2018-11281;7.8
CVE-2018-11280;5.5
CVE-2018-11278;7.1
CVE-2018-11276;7.8
CVE-2018-11275;5.5
CVE-2018-11274;7.8
CVE-2018-11273;7.8
CVE-2018-11270;7.8
CVE-2018-11265;7.8
CVE-2017-15844;5.5
CVE-2017-15828;7.8
CVE-2017-15825;7.8
CVE-2017-15818;7.8
CVE-2018-14641;5.9
CVE-2018-10853;7.8
CVE-2018-14625;7.0
CVE-2018-16658;6.1
CVE-2018-5391;7.5
CVE-2018-11263;8.8
CVE-2018-6555;7.8
CVE-2018-6554;5.5
CVE-2018-11262;7.8
CVE-2018-16276;7.8
CVE-2018-14619;7.8
CVE-2018-10938;5.9
CVE-2018-10902;7.8
CVE-2018-15594;5.5
CVE-2018-15572;6.5
CVE-2018-15471;7.8
CVE-2018-7754;5.5
CVE-2018-5995;5.5
CVE-2018-5953;5.5
CVE-2018-5390;7.5
CVE-2018-10883;5.5
CVE-2017-7518;7.8
CVE-2017-7482;7.8
CVE-2018-14734;7.8
CVE-2018-14678;7.8
CVE-2017-2634;7.5
CVE-2017-2618;5.5
CVE-2018-10882;5.5
CVE-2018-14617;5.5
CVE-2018-14616;5.5
CVE-2018-14615;5.5
CVE-2018-14614;5.5
CVE-2018-14613;5.5
CVE-2018-14612;5.5
CVE-2018-14611;5.5
CVE-2018-14610;5.5
CVE-2018-14609;5.5
CVE-2017-18344;5.5
CVE-2018-10881;5.5
CVE-2018-10879;7.8
CVE-2018-10878;7.8
CVE-2018-10876;5.5
CVE-2018-10901;7.8
CVE-2017-7558;7.5
CVE-2018-10880;5.5
CVE-2018-10877;6.5
CVE-2018-10840;6.6
CVE-2016-9604;4.4
CVE-2018-10872;5.5
CVE-2018-5907;7.8
CVE-2018-5886;7.5
CVE-2018-5873;7.0
CVE-2018-5872;8.0
CVE-2018-5865;5.5
CVE-2018-5864;5.5
CVE-2018-5862;7.8
CVE-2018-5859;7.0
CVE-2018-5858;7.8
CVE-2018-5855;9.8
CVE-2018-5853;7.0
CVE-2018-3587;7.8
CVE-2018-3586;9.8
CVE-2018-3570;7.8
CVE-2018-11304;7.8
CVE-2017-15851;7.8
CVE-2018-5899;7.8
CVE-2018-5898;7.8
CVE-2018-5897;7.5
CVE-2018-5896;7.1
CVE-2018-5895;5.5
CVE-2018-5893;7.8
CVE-2018-5890;7.8
CVE-2018-5889;7.8
CVE-2018-5888;7.8
CVE-2018-5887;7.8
CVE-2018-5836;5.5
CVE-2018-5835;7.8
CVE-2018-5834;7.8
CVE-2018-5832;7.0
CVE-2018-5831;7.8
CVE-2018-5830;7.8
CVE-2018-5829;7.5
CVE-2018-3597;7.8
CVE-2018-3577;7.5
CVE-2018-3569;7.8
CVE-2018-3564;7.8
CVE-2017-18159;7.8
CVE-2017-18158;7.8
CVE-2017-15856;7.0
CVE-2017-15824;5.5
CVE-2017-14893;5.5
CVE-2017-14872;5.5
CVE-2018-13406;7.8
CVE-2018-13405;7.8
CVE-2018-13100;5.5
CVE-2018-13099;5.5
CVE-2018-13098;5.5
CVE-2018-13097;5.5
CVE-2018-13096;5.5
CVE-2018-13095;5.5
CVE-2018-13094;5.5
CVE-2018-13093;5.5
CVE-2018-12896;5.5
CVE-2018-13053;3.3
CVE-2018-12931;7.8
CVE-2018-12930;7.8
CVE-2018-12929;5.5
CVE-2018-12928;5.5
CVE-2018-12904;4.9
CVE-2018-1000204;5.3
CVE-2018-12714;9.8
CVE-2018-12633;6.3
CVE-2016-10723;5.5
CVE-2018-1120;5.3
CVE-2018-5863;7.8
CVE-2018-5860;5.5
CVE-2017-18169;5.5
CVE-2018-5857;7.8
CVE-2018-5854;7.8
CVE-2018-5851;7.8
CVE-2018-5849;7.0
CVE-2018-5848;7.8
CVE-2018-5847;7.8
CVE-2018-5844;7.8
CVE-2018-5843;7.8
CVE-2018-5842;7.8
CVE-2018-3582;7.8
CVE-2018-3581;7.8
CVE-2018-3579;5.5
CVE-2018-3576;7.8
CVE-2018-3572;7.8
CVE-2018-3571;7.8
CVE-2017-18070;7.8
CVE-2017-15857;7.8
CVE-2017-15854;7.8
CVE-2017-15843;7.0
CVE-2017-15842;7.8
CVE-2018-5814;7.0
CVE-2018-5803;5.5
CVE-2018-12233;7.8
CVE-2018-12232;5.9
CVE-2018-5850;7.8
CVE-2018-5846;7.8
CVE-2018-5845;7.0
CVE-2018-5841;7.8
CVE-2018-5840;7.8
CVE-2018-3580;7.8
CVE-2018-3578;7.8
CVE-2018-3565;7.8
CVE-2018-3562;5.5
CVE-2017-18154;7.8
CVE-2018-1000200;5.5
CVE-2018-11508;5.5
CVE-2018-11506;7.8
CVE-2018-11412;5.9
CVE-2018-1000199;5.5
CVE-2018-1108;5.9
CVE-2017-18270;7.1
CVE-2018-11232;5.5
CVE-2018-5827;7.8
CVE-2018-3568;7.8
CVE-2018-3567;7.8
CVE-2017-15855;7.8
CVE-2018-1087;7.8
CVE-2018-1118;5.5
CVE-2018-1130;5.5
CVE-2018-10940;5.5
CVE-2018-6920;5.5
CVE-2018-8897;7.8
CVE-2018-10689;5.5
CVE-2018-10675;7.8
CVE-2018-10323;5.5
CVE-2018-10322;5.5
CVE-2018-8781;7.8
CVE-2017-18261;5.5
CVE-2016-10458;9.8
CVE-2018-10124;5.5
CVE-2018-10087;5.5
CVE-2018-10074;5.5
CVE-2018-10021;5.5
CVE-2015-9016;7.0
CVE-2017-18257;5.5
CVE-2018-5828;7.8
CVE-2018-5826;5.9
CVE-2018-5825;7.8
CVE-2018-5824;7.8
CVE-2018-5823;7.8
CVE-2018-5822;7.3
CVE-2018-5821;7.3
CVE-2018-5820;7.3
CVE-2018-3599;9.8
CVE-2018-3598;7.5
CVE-2018-3596;9.8
CVE-2018-3584;7.5
CVE-2018-3566;7.8
CVE-2018-3563;7.8
CVE-2017-18147;9.8
CVE-2017-17770;7.8
CVE-2017-15853;5.3
CVE-2017-15837;5.3
CVE-2017-15836;7.3
CVE-2017-15822;8.8
CVE-2017-14894;7.3
CVE-2017-14890;7.3
CVE-2017-14880;7.8
CVE-2017-11075;7.8
CVE-2018-1095;5.5
CVE-2018-1094;5.5
CVE-2018-1093;5.5
CVE-2018-1092;5.5
CVE-2017-18255;7.8
CVE-2018-7566;7.8
CVE-2017-9681;6.5
CVE-2018-1091;5.5
CVE-2017-18249;7.0
CVE-2017-18241;5.5
CVE-2018-8822;7.8
CVE-2018-3561;7.0
CVE-2018-3560;7.8
CVE-2017-18066;7.8
CVE-2017-18065;7.8
CVE-2017-18062;7.8
CVE-2017-18061;7.8
CVE-2017-18060;7.5
CVE-2017-18059;7.5
CVE-2017-18058;7.5
CVE-2017-18057;7.5
CVE-2017-18055;7.8
CVE-2017-18054;7.8
CVE-2017-18053;7.5
CVE-2017-18052;7.5
CVE-2017-18051;7.5
CVE-2017-18050;7.8
CVE-2017-15834;7.0
CVE-2017-15833;7.8
CVE-2017-15831;7.8
CVE-2017-15830;7.8
CVE-2017-15814;4.4
CVE-2017-14889;7.8
CVE-2017-14887;7.8
CVE-2017-11082;7.0
CVE-2017-11074;7.8
CVE-2018-1068;6.7
CVE-2017-18069;7.5
CVE-2017-18068;7.8
CVE-2017-18067;9.8
CVE-2017-18064;7.8
CVE-2017-18063;7.8
CVE-2017-18056;7.8
CVE-2017-15821;7.8
CVE-2017-15815;9.8
CVE-2017-14885;7.8
CVE-2017-14882;7.5
CVE-2017-14878;7.5
CVE-2016-10393;9.8
CVE-2017-18232;5.5
CVE-2018-8087;5.5
CVE-2017-18224;4.7
CVE-2018-8043;5.5
CVE-2018-7995;4.7
CVE-2018-7757;5.5
CVE-2017-18222;7.8
CVE-2018-7755;5.5
CVE-2018-7740;5.5
CVE-2017-18221;5.5
CVE-2017-18218;7.8
CVE-2017-18216;5.5
CVE-2018-1066;6.5
CVE-2018-1065;4.7
CVE-2017-18208;5.5
CVE-2017-18204;5.5
CVE-2017-18203;4.7
CVE-2017-18202;7.0
CVE-2018-7492;5.5
CVE-2017-18200;5.5
CVE-2018-7480;7.8
CVE-2017-17767;7.8
CVE-2017-17765;7.8
CVE-2017-17764;7.8
CVE-2017-15862;7.8
CVE-2017-15861;7.8
CVE-2017-15860;7.8
CVE-2017-15829;7.0
CVE-2017-15820;7.8
CVE-2017-15817;7.8
CVE-2017-14884;7.8
CVE-2017-18193;5.5
CVE-2018-7273;5.5
CVE-2018-6927;7.8
CVE-2017-18174;9.8
CVE-2018-1000028;7.4
CVE-2018-1000026;7.7
CVE-2014-8171;5.5
CVE-2014-3519;6.5
CVE-2017-16914;5.9
CVE-2017-16913;5.9
CVE-2017-16912;5.9
CVE-2017-16911;4.7
CVE-2018-6412;7.5
CVE-2017-18079;7.8
CVE-2018-5750;5.5
CVE-2017-18075;7.8
CVE-2015-1142857;8.6
CVE-2018-1000004;5.9
CVE-2017-11072;7.8
CVE-2018-5703;9.8
CVE-2017-15128;5.5
CVE-2017-15127;5.5
CVE-2017-15126;8.1
CVE-2017-13220;7.8
CVE-2018-5344;7.8
CVE-2018-5333;5.5
CVE-2018-5332;7.8
CVE-2017-9712;7.5
CVE-2017-9705;7.8
CVE-2017-9689;7.8
CVE-2017-15850;7.5
CVE-2017-15848;7.8
CVE-2017-15847;7.0
CVE-2017-15845;7.8
CVE-2017-14879;8.8
CVE-2017-14873;7.8
CVE-2017-14870;7.5
CVE-2017-14869;7.5
CVE-2017-11081;7.8
CVE-2017-11080;7.8
CVE-2017-11079;9.8
CVE-2017-11066;7.5
CVE-2017-11003;7.8
CVE-2017-15849;7.8
CVE-2017-11069;7.8
CVE-2017-15129;5.5
CVE-2017-18017;9.8
CVE-2017-17975;5.5
CVE-2016-3695;5.5
CVE-2017-17864;3.3
CVE-2017-17863;7.8
CVE-2017-17862;5.5
CVE-2017-17857;7.8
CVE-2017-17856;7.8
CVE-2017-17855;7.8
CVE-2017-17854;7.8
CVE-2017-17853;7.8
CVE-2017-17852;7.8
CVE-2017-16996;7.8
CVE-2017-16995;7.8
CVE-2017-17807;3.3
CVE-2017-17806;7.8
CVE-2017-17805;7.8
CVE-2017-17741;6.5
CVE-2017-17712;7.0
CVE-2017-17558;6.6
CVE-2017-1000407;7.4
CVE-2017-1000410;7.5
CVE-2017-17450;7.8
CVE-2017-17449;4.7
CVE-2017-17448;7.8
CVE-2017-15868;7.8
CVE-2017-9716;7.8
CVE-2017-6211;9.8
CVE-2017-14918;9.8
CVE-2017-14917;9.8
CVE-2017-14916;9.8
CVE-2017-14914;9.8
CVE-2017-14909;9.8
CVE-2017-14908;9.8
CVE-2017-14904;7.8
CVE-2017-14902;7.0
CVE-2017-14897;7.8
CVE-2017-14895;7.8
CVE-2017-11043;7.8
CVE-2017-11007;7.8
CVE-2017-11006;9.8
CVE-2017-11005;9.8
CVE-2017-9722;7.8
CVE-2017-9718;7.0
CVE-2017-9710;7.8
CVE-2017-9709;9.8
CVE-2017-9708;7.0
CVE-2017-9703;7.0
CVE-2017-9700;7.8
CVE-2017-9698;7.8
CVE-2017-15813;9.8
CVE-2017-14907;9.8
CVE-2017-14905;5.3
CVE-2017-14903;5.3
CVE-2017-14901;7.8
CVE-2017-14900;7.8
CVE-2017-14899;7.8
CVE-2017-14898;7.8
CVE-2017-14896;7.8
CVE-2017-11049;7.0
CVE-2017-11047;7.8
CVE-2017-11045;7.0
CVE-2017-11044;7.0
CVE-2017-11042;7.8
CVE-2017-11033;7.8
CVE-2017-11031;7.5
CVE-2017-11030;7.8
CVE-2017-11019;7.8
CVE-2017-11016;7.8
CVE-2017-8824;7.8
CVE-2017-1000405;7.0
CVE-2017-15116;5.5
CVE-2017-17053;7.0
CVE-2017-17052;7.8
CVE-2017-16994;5.5
CVE-2017-16939;7.8
CVE-2017-12193;5.5
CVE-2017-12190;6.5
CVE-2017-0861;7.8
CVE-2017-9721;7.8
CVE-2017-9719;7.8
CVE-2017-9702;7.8
CVE-2017-9701;7.5
CVE-2017-9696;7.5
CVE-2017-9690;7.8
CVE-2017-8279;7.5
CVE-2017-11093;7.5
CVE-2017-11092;7.8
CVE-2017-11091;7.8
CVE-2017-11090;7.5
CVE-2017-11089;7.5
CVE-2017-11085;7.8
CVE-2017-11073;7.8
CVE-2017-11058;7.5
CVE-2017-11038;7.8
CVE-2017-11035;7.8
CVE-2017-11032;7.8
CVE-2017-11029;7.8
CVE-2017-11028;7.5
CVE-2017-11027;7.8
CVE-2017-11026;7.8
CVE-2017-11025;7.0
CVE-2017-11024;7.8
CVE-2017-11023;7.8
CVE-2017-11022;5.3
CVE-2017-11018;7.8
CVE-2017-11017;7.8
CVE-2017-11015;7.8
CVE-2017-11014;7.8
CVE-2017-11013;7.8
CVE-2017-11012;7.8
CVE-2017-15115;7.8
CVE-2017-15102;6.3
CVE-2017-16650;6.6
CVE-2017-16649;6.6
CVE-2017-16648;6.6
CVE-2017-16647;6.6
CVE-2017-16646;6.6
CVE-2017-16645;6.6
CVE-2017-16644;6.6
CVE-2017-16643;6.6
CVE-2017-15306;5.5
CVE-2017-16539;5.9
CVE-2017-16538;6.6
CVE-2017-16537;6.6
CVE-2017-16536;6.6
CVE-2017-16535;6.6
CVE-2017-16534;6.6
CVE-2017-16533;6.6
CVE-2017-16532;6.6
CVE-2017-16531;6.6
CVE-2017-16530;6.6
CVE-2017-16529;6.6
CVE-2017-16528;6.6
CVE-2017-16527;6.6
CVE-2017-16526;7.8
CVE-2017-16525;6.6
CVE-2017-1000255;5.5
CVE-2006-5331;5.5
CVE-2017-15951;7.8
CVE-2017-15649;7.8
CVE-2017-15537;5.5
CVE-2017-15265;7.0
CVE-2017-15299;5.5
CVE-2017-15274;5.5
CVE-2017-12192;5.5
CVE-2017-12188;7.8
CVE-2017-9717;7.5
CVE-2017-9715;7.5
CVE-2017-9714;7.8
CVE-2017-9706;7.8
CVE-2017-9697;7.0
CVE-2017-9687;7.8
CVE-2017-9686;7.8
CVE-2017-9683;7.8
CVE-2017-11067;7.8
CVE-2017-11064;7.5
CVE-2017-11063;5.9
CVE-2017-11062;7.5
CVE-2017-11061;7.5
CVE-2017-11060;7.5
CVE-2017-11059;7.8
CVE-2017-11057;7.8
CVE-2017-11056;7.8
CVE-2017-11055;7.5
CVE-2017-11054;7.5
CVE-2017-11053;7.8
CVE-2017-11052;7.5
CVE-2017-11051;7.5
CVE-2017-11050;7.8
CVE-2017-11048;7.8
CVE-2017-11046;7.8
CVE-2017-1000253;7.8
CVE-2017-1000117;8.8
CVE-2017-1000112;7.0
CVE-2017-1000111;7.8
CVE-2017-14991;5.5
CVE-2017-14954;5.5
CVE-2017-12154;7.1
CVE-2017-1000252;5.5
CVE-2015-5327;6.5
CVE-2017-9725;7.8
CVE-2017-9724;7.8
CVE-2017-9720;7.8
CVE-2017-9677;7.8
CVE-2017-9676;4.7
CVE-2017-8281;4.7
CVE-2017-8280;7.0
CVE-2017-8278;7.8
CVE-2017-8277;7.8
CVE-2017-8251;7.8
CVE-2017-8250;7.8
CVE-2017-8247;7.8
CVE-2017-12153;4.4
CVE-2017-11041;7.8
CVE-2017-11040;5.5
CVE-2017-11002;5.5
CVE-2017-11001;5.5
CVE-2017-11000;7.8
CVE-2017-10999;7.8
CVE-2017-10998;7.8
CVE-2017-10997;7.8
CVE-2017-10996;5.5
CVE-2017-12168;6.0
CVE-2015-7837;5.5
CVE-2017-14497;7.8
CVE-2017-14340;5.5
CVE-2017-14489;5.5
CVE-2015-7553;4.7
CVE-2017-1000251;8.0
CVE-2017-12146;7.0
CVE-2017-14156;5.5
CVE-2017-14140;5.5
CVE-2017-14106;5.5
CVE-2017-14051;4.4
CVE-2017-13715;9.8
CVE-2017-13695;5.5
CVE-2017-13694;5.5
CVE-2017-13693;5.5
CVE-2017-13686;7.8
CVE-2017-10663;7.8
CVE-2017-10662;7.8
CVE-2017-10661;7.0
CVE-2017-9685;8.1
CVE-2017-9684;7.0
CVE-2017-9682;4.7
CVE-2017-9680;7.5
CVE-2017-9679;7.5
CVE-2017-9678;7.8
CVE-2017-7364;9.8
CVE-2017-8272;7.8
CVE-2017-8270;7.0
CVE-2017-8268;7.8
CVE-2017-8267;7.0
CVE-2017-8266;7.0
CVE-2017-8265;7.0
CVE-2017-8263;7.8
CVE-2017-8262;7.0
CVE-2017-8261;7.8
CVE-2017-8260;7.8
CVE-2017-8257;7.8
CVE-2017-8256;7.8
CVE-2017-8255;7.8
CVE-2017-8254;5.5
CVE-2017-8253;7.8
CVE-2016-5872;9.8
CVE-2016-5871;9.8
CVE-2016-10392;9.8
CVE-2016-10391;9.8
CVE-2016-10390;9.8
CVE-2016-10389;7.8
CVE-2016-10388;9.8
CVE-2016-10387;9.8
CVE-2016-10386;9.8
CVE-2016-10385;9.8
CVE-2016-10384;9.8
CVE-2016-10383;8.1
CVE-2016-10382;9.8
CVE-2016-10381;9.8
CVE-2016-10380;9.8
CVE-2016-10347;9.8
CVE-2016-10346;9.8
CVE-2016-10344;9.8
CVE-2016-10343;9.8
CVE-2015-9073;9.8
CVE-2015-9072;9.8
CVE-2015-9071;9.8
CVE-2015-9070;9.8
CVE-2015-9069;9.8
CVE-2015-9068;9.8
CVE-2015-9067;9.8
CVE-2015-9066;9.8
CVE-2015-9065;9.8
CVE-2015-9064;9.8
CVE-2015-9063;9.8
CVE-2015-9062;9.8
CVE-2015-9061;9.8
CVE-2015-9060;9.8
CVE-2015-9055;9.8
CVE-2015-9054;9.8
CVE-2015-9053;9.8
CVE-2015-9052;9.8
CVE-2015-9051;9.8
CVE-2015-9050;9.8
CVE-2015-9049;9.8
CVE-2015-9048;9.8
CVE-2015-9047;9.8
CVE-2015-9046;9.8
CVE-2015-9045;9.8
CVE-2015-9044;9.8
CVE-2015-9043;9.8
CVE-2015-9042;9.8
CVE-2015-9041;9.8
CVE-2015-9040;9.8
CVE-2015-9039;9.8
CVE-2015-9038;9.8
CVE-2015-9037;9.8
CVE-2015-9036;9.8
CVE-2015-9035;9.8
CVE-2015-9034;9.8
CVE-2015-8596;9.8
CVE-2015-8595;9.8
CVE-2015-8594;9.8
CVE-2015-8593;9.8
CVE-2015-8592;9.8
CVE-2015-0576;7.0
CVE-2015-0575;9.8
CVE-2015-0574;9.8
CVE-2014-9981;9.8
CVE-2014-9980;9.8
CVE-2014-9979;9.8
CVE-2014-9978;9.8
CVE-2014-9977;9.8
CVE-2014-9976;9.8
CVE-2014-9975;9.8
CVE-2014-9974;9.8
CVE-2014-9973;9.8
CVE-2014-9972;9.8
CVE-2014-9971;9.8
CVE-2014-9969;9.8
CVE-2014-9968;9.8
CVE-2014-9411;9.8
CVE-2016-5853;7.0
CVE-2016-5347;4.7
CVE-2017-12426;8.8
CVE-2017-8273;7.8
CVE-2017-8271;7.8
CVE-2017-8269;5.5
CVE-2017-8264;7.8
CVE-2017-8259;7.8
CVE-2017-8258;5.5
CVE-2017-12762;9.8
CVE-2017-0750;7.8
CVE-2017-0749;7.8
CVE-2006-3635;5.5
CVE-2017-7533;7.0
CVE-2017-7541;7.8
CVE-2017-11600;7.0
CVE-2017-7542;5.5
CVE-2017-11473;7.8
CVE-2017-11472;7.1
CVE-2017-1000363;7.8
CVE-2017-11176;7.8
CVE-2017-0710;7.8
CVE-2017-10911;6.5
CVE-2017-10810;7.5
CVE-2017-8797;7.5
CVE-2017-9986;7.8
CVE-2017-9985;7.8
CVE-2017-9984;7.8
CVE-2017-1000379;7.8
CVE-2017-1000377;5.9
CVE-2017-1000371;7.8
CVE-2017-1000370;7.8
CVE-2017-1000365;7.8
CVE-2017-1000364;7.4
CVE-2017-1000380;5.5
CVE-2017-8242;5.9
CVE-2017-8241;7.8
CVE-2017-8240;7.8
CVE-2017-8239;5.5
CVE-2017-8238;7.8
CVE-2017-8237;7.8
CVE-2017-8236;7.8
CVE-2017-8235;5.5
CVE-2017-8234;7.8
CVE-2017-8233;7.8
CVE-2017-7373;7.8
CVE-2017-7372;7.0
CVE-2017-7371;7.8
CVE-2017-7370;7.0
CVE-2017-7369;7.8
CVE-2017-7368;7.0
CVE-2017-7367;7.8
CVE-2017-7366;5.5
CVE-2017-7365;7.8
CVE-2016-10342;7.8
CVE-2016-10341;7.8
CVE-2016-10340;7.8
CVE-2016-10339;7.1
CVE-2016-10338;7.8
CVE-2016-10337;5.5
CVE-2016-10336;5.5
CVE-2016-10335;5.5
CVE-2016-10334;5.5
CVE-2016-10333;5.5
CVE-2016-10332;5.5
CVE-2015-9033;7.8
CVE-2015-9032;3.3
CVE-2015-9031;3.3
CVE-2015-9030;7.8
CVE-2015-9029;7.8
CVE-2015-9028;7.8
CVE-2015-9027;7.8
CVE-2015-9026;7.8
CVE-2015-9025;7.8
CVE-2015-9024;5.5
CVE-2015-9023;7.8
CVE-2015-9022;7.0
CVE-2015-9021;5.5
CVE-2015-9020;7.8
CVE-2014-9967;7.8
CVE-2014-9966;7.0
CVE-2014-9965;7.8
CVE-2014-9964;7.8
CVE-2014-9963;7.8
CVE-2014-9962;7.8
CVE-2014-9961;7.8
CVE-2014-9960;7.8
CVE-2017-9605;5.5
CVE-2016-10297;7.0
CVE-2015-9007;7.8
CVE-2015-9006;7.8
CVE-2015-9005;7.8
CVE-2014-9952;7.8
CVE-2014-9951;5.5
CVE-2014-9950;7.8
CVE-2014-9949;7.8
CVE-2014-9948;7.8
CVE-2014-9947;5.5
CVE-2014-9946;7.8
CVE-2014-9945;7.8
CVE-2014-9944;7.8
CVE-2014-9943;7.8
CVE-2014-9942;7.8
CVE-2014-9941;7.0
CVE-2014-9930;7.8
CVE-2014-9929;7.8
CVE-2014-9928;7.8
CVE-2014-9927;7.8
CVE-2014-9926;7.8
CVE-2014-9925;7.8
CVE-2014-9924;7.8
CVE-2014-9923;7.8
CVE-2017-9242;5.5
CVE-2017-9211;5.5
CVE-2017-9150;5.5
CVE-2017-9077;7.8
CVE-2017-9076;7.8
CVE-2017-9075;7.8
CVE-2017-9074;7.8
CVE-2017-9059;5.5
CVE-2016-10242;7.0
CVE-2016-10239;7.8
CVE-2016-10238;7.8
CVE-2016-10237;7.8
CVE-2015-9003;7.8
CVE-2015-9002;7.8
CVE-2015-9001;5.5
CVE-2015-9000;7.8
CVE-2015-8999;7.8
CVE-2015-8998;7.8
CVE-2015-8997;7.0
CVE-2015-8996;7.0
CVE-2015-8995;7.8
CVE-2014-9937;7.8
CVE-2014-9936;7.0
CVE-2014-9935;7.8
CVE-2014-9934;7.8
CVE-2014-9933;7.8
CVE-2014-9932;7.8
CVE-2014-9931;7.8
CVE-2017-7495;5.5
CVE-2017-7487;7.8
CVE-2017-8925;5.5
CVE-2017-8924;4.6
CVE-2017-8246;7.8
CVE-2017-8245;7.8
CVE-2017-8244;7.0
CVE-2017-7472;5.5
CVE-2017-8890;7.8
CVE-2017-8831;7.8
CVE-2015-9004;7.8
CVE-2014-9940;7.0
CVE-2017-7895;9.8
CVE-2017-7477;7.0
CVE-2017-8106;5.5
CVE-2010-5329;5.5
CVE-2010-5321;4.3
CVE-2007-6761;7.8
CVE-2017-8072;7.8
CVE-2017-8071;5.5
CVE-2017-8070;7.8
CVE-2017-8069;7.8
CVE-2017-8068;7.8
CVE-2017-8067;7.8
CVE-2017-8066;7.8
CVE-2017-8065;7.8
CVE-2017-8064;7.8
CVE-2017-8063;7.8
CVE-2017-8062;7.8
CVE-2017-8061;7.8
CVE-2017-7979;7.8
CVE-2017-7645;7.5
CVE-2017-7889;7.8
CVE-2016-5011;4.6
CVE-2017-7618;7.5
CVE-2017-7616;5.5
CVE-2016-5349;5.5
CVE-2017-2671;5.5
CVE-2016-5870;7.8
CVE-2016-10318;6.5
CVE-2016-10229;9.8
CVE-2014-9922;7.8
CVE-2017-7374;7.8
CVE-2017-2647;7.8
CVE-2017-7346;5.5
CVE-2017-7308;7.8
CVE-2017-7294;7.8
CVE-2017-7277;7.1
CVE-2017-7273;6.6
CVE-2016-10225;7.8
CVE-2017-7261;5.5
CVE-2017-5897;9.8
CVE-2017-5206;9.0
CVE-2017-7187;7.8
CVE-2017-7184;7.8
CVE-2017-6951;5.5
CVE-2017-6516;6.7
CVE-2017-6874;7.0
CVE-2017-2636;7.8
CVE-2016-10200;7.0
CVE-2015-2877;3.3
CVE-2017-6353;5.5
CVE-2017-6348;5.5
CVE-2017-6347;7.8
CVE-2017-6346;7.0
CVE-2017-6345;7.8
CVE-2017-5669;7.8
CVE-2017-6214;7.5
CVE-2016-8636;7.8
CVE-2017-6074;7.8
CVE-2017-6001;7.0
CVE-2017-5986;5.5
CVE-2017-0318;5.5
CVE-2016-1881;7.8
CVE-2016-1880;7.8
CVE-2017-5972;7.5
CVE-2017-5970;7.5
CVE-2017-5967;4.0
CVE-2016-10044;7.8
CVE-2014-9914;7.8
CVE-2017-5577;5.5
CVE-2017-5576;7.8
CVE-2017-5551;4.4
CVE-2017-5550;5.5
CVE-2017-5549;5.5
CVE-2017-5548;7.8
CVE-2017-5547;7.8
CVE-2017-5546;7.8
CVE-2017-2596;6.5
CVE-2017-2583;8.4
CVE-2016-10208;4.3
CVE-2016-10154;5.5
CVE-2016-10153;7.8
CVE-2016-10150;9.8
CVE-2010-5328;5.5
CVE-2016-10147;5.5
CVE-2017-2584;7.1
CVE-2016-9754;7.8
CVE-2016-10088;7.0
CVE-2016-9806;7.8
CVE-2016-9794;7.8
CVE-2016-9793;7.8
CVE-2016-9777;7.8
CVE-2016-9756;5.5
CVE-2016-9755;7.8
CVE-2016-9685;5.5
CVE-2016-9588;5.5
CVE-2016-9576;7.8
CVE-2016-6787;7.0
CVE-2016-6786;7.0
CVE-2016-6213;4.7
CVE-2012-6704;7.8
CVE-2016-8826;5.5
CVE-2016-9120;7.8
CVE-2015-8967;7.8
CVE-2015-8966;7.8
CVE-2016-9919;7.5
CVE-2016-8655;7.8
CVE-2016-3044;6.5
CVE-2016-9644;7.8
CVE-2016-9555;9.8
CVE-2016-9313;7.8
CVE-2016-9191;5.5
CVE-2016-9178;5.5
CVE-2016-9084;7.8
CVE-2016-9083;7.8
CVE-2016-8650;5.5
CVE-2016-8646;5.5
CVE-2016-8645;5.5
CVE-2016-8633;6.8
CVE-2016-8632;7.8
CVE-2016-8630;5.5
CVE-2015-8970;5.5
CVE-2015-1328;7.8
CVE-2016-7917;5.0
CVE-2016-7916;5.5
CVE-2016-7915;5.5
CVE-2016-7914;5.5
CVE-2016-7913;7.8
CVE-2016-7912;7.8
CVE-2016-7911;7.8
CVE-2016-7910;7.8
CVE-2015-8964;5.5
CVE-2015-8963;7.0
CVE-2015-8962;7.3
CVE-2015-8961;7.8
CVE-2016-5195;7.8
CVE-2016-7389;7.8
CVE-2016-7382;7.8
CVE-2016-8666;7.5
CVE-2016-8660;5.5
CVE-2016-8658;6.1
CVE-2016-7425;7.8
CVE-2016-7097;4.4
CVE-2016-7042;6.2
CVE-2016-7039;7.5
CVE-2016-6828;5.5
CVE-2016-6327;5.5
CVE-2015-8953;5.5
CVE-2015-8952;5.5
CVE-2015-3288;7.8
CVE-2016-7117;9.8
CVE-2016-5343;9.8
CVE-2015-8956;6.1
CVE-2015-8955;7.3
CVE-2015-8950;5.5
CVE-2015-0572;7.0
CVE-2016-3699;7.4
CVE-2016-0617;5.5
CVE-2016-7118;5.5
CVE-2016-5344;9.8
CVE-2016-5342;7.8
CVE-2016-5340;7.8
CVE-2016-2065;7.8
CVE-2016-2064;7.8
CVE-2016-2063;7.8
CVE-2015-0573;9.8
CVE-2015-0568;7.8
CVE-2014-9410;9.8
CVE-2016-6516;7.4
CVE-2016-6480;5.1
CVE-2016-6198;5.5
CVE-2016-6197;5.5
CVE-2016-6187;7.8
CVE-2016-6162;7.8
CVE-2016-6156;5.1
CVE-2016-6136;4.7
CVE-2016-5696;4.8
CVE-2016-5412;6.5
CVE-2016-5400;4.3
CVE-2016-3841;7.3
CVE-2016-3070;7.8
CVE-2015-8944;5.5
CVE-2014-9900;5.5
CVE-2014-9895;5.5
CVE-2014-9892;5.5
CVE-2014-9888;7.8
CVE-2014-9870;7.8
CVE-2016-2068;7.8
CVE-2016-2067;7.8
CVE-2014-9803;7.8
CVE-2016-6130;4.7
CVE-2016-4998;7.1
CVE-2016-4997;7.8
CVE-2016-3955;9.8
CVE-2016-1237;5.5
CVE-2012-6703;7.8
CVE-2016-5829;7.8
CVE-2016-5828;7.8
CVE-2016-5728;6.3
CVE-2016-5244;7.5
CVE-2016-5243;5.5
CVE-2016-4470;5.5
CVE-2016-4440;7.8
CVE-2016-3713;7.1
CVE-2016-3707;8.1
CVE-2016-1583;7.8
CVE-2016-0758;7.8
CVE-2014-9904;7.8
CVE-2014-9903;5.5
CVE-2016-2066;7.8
CVE-2016-2061;7.8
CVE-2016-4951;7.8
CVE-2016-4913;7.8
CVE-2016-4805;7.8
CVE-2016-4794;7.8
CVE-2016-4581;5.5
CVE-2016-4580;7.5
CVE-2016-4578;5.5
CVE-2016-4569;5.5
CVE-2016-4568;7.8
CVE-2016-4565;7.8
CVE-2016-4558;7.0
CVE-2016-4557;7.8
CVE-2016-4486;3.3
CVE-2016-4485;7.5
CVE-2016-4482;6.2
CVE-2015-0571;7.8
CVE-2015-0570;7.8
CVE-2015-0569;7.8
CVE-2016-2062;7.8
CVE-2016-2059;7.0
CVE-2016-3951;4.6
CVE-2016-3689;4.6
CVE-2016-3140;4.6
CVE-2016-3138;4.6
CVE-2016-3137;4.6
CVE-2016-3136;4.6
CVE-2016-2854;7.8
CVE-2016-2853;7.8
CVE-2016-2188;4.6
CVE-2016-2187;4.6
CVE-2016-2186;4.6
CVE-2016-2185;4.6
CVE-2016-2117;7.5
CVE-2016-2070;7.5
CVE-2016-2053;4.7
CVE-2016-1576;7.8
CVE-2016-1575;7.8
CVE-2015-8839;5.1
CVE-2015-8830;7.8
CVE-2015-8746;7.5
CVE-2015-8324;4.6
CVE-2015-8019;7.8
CVE-2015-4178;5.5
CVE-2015-4177;5.5
CVE-2015-4176;5.5
CVE-2015-4170;4.7
CVE-2015-2686;7.8
CVE-2015-2672;5.5
CVE-2015-1573;5.5
CVE-2015-1350;5.5
CVE-2014-9717;6.1
CVE-2012-6701;7.8
CVE-2012-6689;7.8
CVE-2011-5321;5.5
CVE-2008-7316;5.5
CVE-2003-1604;7.5
CVE-2016-3672;7.8
CVE-2016-3156;5.5
CVE-2016-3139;4.6
CVE-2016-3135;7.8
CVE-2016-3134;8.4
CVE-2016-2847;6.2
CVE-2016-2782;4.6
CVE-2016-2550;5.5
CVE-2016-2549;6.2
CVE-2016-2548;6.2
CVE-2016-2547;5.1
CVE-2016-2546;5.1
CVE-2016-2545;5.1
CVE-2016-2544;5.1
CVE-2016-2543;6.2
CVE-2016-2384;4.6
CVE-2016-2383;5.5
CVE-2016-2184;4.6
CVE-2016-2143;7.8
CVE-2016-2085;5.5
CVE-2016-2069;7.4
CVE-2016-0774;6.8
CVE-2015-8845;5.5
CVE-2015-8844;5.5
CVE-2015-8816;6.8
CVE-2015-8812;9.8
CVE-2015-7515;4.6
CVE-2015-1339;6.2
CVE-2016-3961;5.5
CVE-2015-7545;9.8
CVE-2016-3157;7.8
CVE-2016-0823;4.0
CVE-2016-0821;7.5
CVE-2016-0728;7.8
CVE-2016-0723;6.8
CVE-2015-8787;9.8
CVE-2015-8785;6.2
CVE-2015-8767;6.2
CVE-2015-8709;7.0
CVE-2015-8575;4.0
CVE-2015-8539;7.8
CVE-2015-7566;4.6
CVE-2015-7550;5.5
CVE-2015-7513;6.5
CVE-2013-4312;6.2
CVE-2015-8660;6.7
CVE-2015-8569;2.3
CVE-2015-8543;7.0
CVE-2015-8374;4.0
CVE-2015-7990;5.8
CVE-2015-7885;2.3
CVE-2015-7884;2.3
CVE-2015-7509;4.4
CVE-2013-7446;5.3
CVE-2015-7869;N/A
CVE-2015-5053;N/A
CVE-2015-8215;N/A
CVE-2015-8104;N/A
CVE-2015-7872;N/A
CVE-2015-7312;N/A
CVE-2015-5307;N/A
CVE-2015-5257;N/A
CVE-2015-2925;N/A
CVE-2015-5218;N/A
CVE-2015-7833;N/A
CVE-2015-7799;N/A
CVE-2015-7613;N/A
CVE-2015-6937;N/A
CVE-2015-6252;N/A
CVE-2015-5707;N/A
CVE-2015-5283;N/A
CVE-2015-5156;N/A
CVE-2015-0275;N/A
CVE-2013-7445;N/A
CVE-2015-5950;N/A
CVE-2015-6526;N/A
CVE-2015-4036;N/A
CVE-2015-5706;N/A
CVE-2015-5697;N/A
CVE-2015-5366;N/A
CVE-2015-5364;N/A
CVE-2015-5157;N/A
CVE-2015-4700;N/A
CVE-2015-3291;N/A
CVE-2015-3290;N/A
CVE-2015-3214;N/A
CVE-2015-3212;N/A
CVE-2015-1333;N/A
CVE-2014-9731;N/A
CVE-2014-9730;N/A
CVE-2014-9729;N/A
CVE-2014-9728;N/A
CVE-2015-1805;N/A
CVE-2015-3636;N/A
CVE-2015-4167;N/A
CVE-2015-4692;N/A
CVE-2015-4004;N/A
CVE-2015-4003;N/A
CVE-2015-4002;N/A
CVE-2015-4001;N/A
CVE-2015-3339;N/A
CVE-2015-3332;N/A
CVE-2015-3331;N/A
CVE-2015-2922;N/A
CVE-2015-2830;N/A
CVE-2015-2666;N/A
CVE-2014-9715;N/A
CVE-2014-9710;N/A
CVE-2015-3036;N/A
CVE-2015-2042;N/A
CVE-2015-2041;N/A
CVE-2015-1465;N/A
CVE-2015-0777;N/A
CVE-2015-0199;N/A
CVE-2015-1593;N/A
CVE-2015-1421;N/A
CVE-2015-1420;N/A
CVE-2015-0274;N/A
CVE-2014-8173;N/A
CVE-2014-8172;N/A
CVE-2014-8159;N/A
CVE-2014-7822;N/A
CVE-2015-2150;N/A
CVE-2014-9683;N/A
CVE-2015-0239;N/A
CVE-2014-9644;N/A
CVE-2014-8160;N/A
CVE-2013-7421;N/A
CVE-2014-5332;N/A
CVE-2014-9585;N/A
CVE-2014-9584;N/A
CVE-2014-9529;N/A
CVE-2014-9428;N/A
CVE-2014-9420;N/A
CVE-2014-9419;N/A
CVE-2014-7300;N/A
CVE-2014-4322;N/A
CVE-2014-9322;7.8
CVE-2014-8133;N/A
CVE-2014-8134;3.3
CVE-2014-4323;N/A
CVE-2014-9090;N/A
CVE-2014-8989;N/A
CVE-2014-8884;N/A
CVE-2014-7843;N/A
CVE-2014-7842;N/A
CVE-2014-7841;N/A
CVE-2014-3688;N/A
CVE-2010-5313;N/A
CVE-2014-8709;N/A
CVE-2014-8559;5.5
CVE-2014-8481;N/A
CVE-2014-8480;N/A
CVE-2014-8369;7.8
CVE-2014-7826;7.8
CVE-2014-7825;7.8
CVE-2014-7207;N/A
CVE-2014-3690;5.5
CVE-2014-3687;7.5
CVE-2014-3673;7.5
CVE-2014-3647;5.5
CVE-2014-3646;5.5
CVE-2014-3645;N/A
CVE-2014-3611;4.7
CVE-2014-3610;5.5
CVE-2014-8086;4.7
CVE-2014-7975;5.5
CVE-2014-7970;5.5
CVE-2014-7284;N/A
CVE-2014-7283;N/A
CVE-2014-3535;N/A
CVE-2014-0205;N/A
CVE-2014-7145;N/A
CVE-2014-6418;N/A
CVE-2014-6417;N/A
CVE-2014-6416;N/A
CVE-2014-6410;N/A
CVE-2014-3631;N/A
CVE-2014-3186;N/A
CVE-2014-3185;N/A
CVE-2014-3184;N/A
CVE-2014-3183;N/A
CVE-2014-3182;N/A
CVE-2014-3181;N/A
CVE-2012-6657;N/A
CVE-2014-5472;N/A
CVE-2014-5471;N/A
CVE-2014-3601;N/A
CVE-2013-2597;N/A
CVE-2013-2595;N/A
CVE-2014-0974;N/A
CVE-2014-5207;N/A
CVE-2014-5206;N/A
CVE-2014-5077;N/A
CVE-2014-5045;N/A
CVE-2014-3534;N/A
CVE-2014-0972;N/A
CVE-2014-4943;N/A
CVE-2014-4699;N/A
CVE-2014-4667;N/A
CVE-2014-4656;N/A
CVE-2014-4655;N/A
CVE-2014-4654;N/A
CVE-2014-4653;N/A
CVE-2014-4652;N/A
CVE-2014-4611;N/A
CVE-2014-4608;N/A
CVE-2014-0206;N/A
CVE-2014-4508;N/A
CVE-2014-4171;N/A
CVE-2014-4157;N/A
CVE-2014-4027;N/A
CVE-2014-4014;N/A
CVE-2014-1739;N/A
CVE-2014-0203;5.5
CVE-2014-3153;N/A
CVE-2014-3940;N/A
CVE-2014-3917;N/A
CVE-2014-0240;N/A
CVE-2012-6647;N/A
CVE-2014-3145;N/A
CVE-2014-3144;N/A
CVE-2014-3122;N/A
CVE-2014-1738;N/A
CVE-2014-1737;N/A
CVE-2014-0196;N/A
CVE-2014-2889;N/A
CVE-2014-0181;N/A
CVE-2014-2851;N/A
CVE-2014-2739;N/A
CVE-2014-2706;N/A
CVE-2014-0155;N/A
CVE-2014-0077;N/A
CVE-2014-2678;N/A
CVE-2014-2673;N/A
CVE-2014-2672;N/A
CVE-2013-7348;N/A
CVE-2014-0055;N/A
CVE-2014-2568;N/A
CVE-2014-2523;N/A
CVE-2014-0131;N/A
CVE-2013-7339;N/A
CVE-2014-2309;N/A
CVE-2014-0102;N/A
CVE-2014-0100;N/A
CVE-2014-0101;N/A
CVE-2014-0049;N/A
CVE-2014-2039;N/A
CVE-2014-2038;N/A
CVE-2014-1874;N/A
CVE-2014-1690;N/A
CVE-2014-0069;N/A
CVE-2013-4737;N/A
CVE-2012-6638;N/A
CVE-2012-1088;N/A
CVE-2011-2909;N/A
CVE-2013-4736;N/A
CVE-2014-0038;N/A
CVE-2013-4739;N/A
CVE-2013-4738;N/A
CVE-2014-1446;N/A
CVE-2014-1445;N/A
CVE-2014-1444;N/A
CVE-2014-1438;N/A
CVE-2013-6123;N/A
CVE-2013-7281;N/A
CVE-2013-7271;N/A
CVE-2013-7270;N/A
CVE-2013-7269;N/A
CVE-2013-7268;N/A
CVE-2013-7267;N/A
CVE-2013-7266;N/A
CVE-2013-7265;N/A
CVE-2013-7264;N/A
CVE-2013-7263;N/A
CVE-2011-2519;N/A
CVE-2013-6376;N/A
CVE-2013-6368;N/A
CVE-2013-6367;N/A
CVE-2013-4587;N/A
CVE-2013-7027;N/A
CVE-2013-7026;N/A
CVE-2013-6432;N/A
CVE-2013-6431;N/A
CVE-2013-4270;N/A
CVE-2013-2930;N/A
CVE-2013-2929;N/A
CVE-2013-6392;N/A
CVE-2013-6383;N/A
CVE-2013-6382;N/A
CVE-2013-6381;N/A
CVE-2013-6380;N/A
CVE-2013-6378;N/A
CVE-2013-6282;N/A
CVE-2013-4592;N/A
CVE-2013-4591;N/A
CVE-2013-4588;7.0
CVE-2013-4579;N/A
CVE-2013-4563;N/A
CVE-2013-6763;N/A
CVE-2013-6122;N/A
CVE-2013-4740;N/A
CVE-2013-4516;N/A
CVE-2013-4515;N/A
CVE-2013-4514;N/A
CVE-2013-4513;N/A
CVE-2013-4512;N/A
CVE-2013-4511;N/A
CVE-2013-2239;N/A
CVE-2013-4483;N/A
CVE-2013-4470;N/A
CVE-2013-4348;N/A
CVE-2013-2058;N/A
CVE-2013-4299;N/A
CVE-2013-4387;N/A
CVE-2013-4345;N/A
CVE-2013-4362;N/A
CVE-2013-5634;N/A
CVE-2013-4350;N/A
CVE-2013-4343;N/A
CVE-2013-4300;N/A
CVE-2013-2140;N/A
CVE-2013-1060;N/A
CVE-2013-2899;N/A
CVE-2013-2897;N/A
CVE-2013-2898;N/A
CVE-2013-2896;N/A
CVE-2013-2894;N/A
CVE-2013-2895;N/A
CVE-2013-2893;N/A
CVE-2013-2892;N/A
CVE-2013-2891;N/A
CVE-2013-2890;N/A
CVE-2013-2889;N/A
CVE-2013-2888;N/A
CVE-2013-4254;N/A
CVE-2013-4247;N/A
CVE-2013-4220;N/A
CVE-2013-4205;N/A
CVE-2013-4163;N/A
CVE-2013-4162;N/A
CVE-2013-4129;N/A
CVE-2013-4127;N/A
CVE-2013-2188;N/A
CVE-2013-1943;7.8
CVE-2013-1935;N/A
CVE-2013-4125;N/A
CVE-2013-1059;N/A
CVE-2013-2237;N/A
CVE-2013-2234;N/A
CVE-2013-2232;N/A
CVE-2013-2224;N/A
CVE-2013-2206;N/A
CVE-2013-2164;N/A
CVE-2011-4348;N/A
CVE-2011-4347;N/A
CVE-2011-4098;N/A
CVE-2011-4087;7.5
CVE-2011-3619;N/A
CVE-2011-3593;N/A
CVE-2011-3347;N/A
CVE-2011-2942;N/A
CVE-2011-2693;N/A
CVE-2011-2482;7.5
CVE-2011-1585;N/A
CVE-2011-1180;9.8
CVE-2013-2852;N/A
CVE-2013-2851;N/A
CVE-2013-2850;N/A
CVE-2013-2148;N/A
CVE-2013-2147;N/A
CVE-2013-2146;N/A
CVE-2013-2141;N/A
CVE-2013-2128;5.5
CVE-2013-1929;N/A
CVE-2011-4604;N/A
CVE-2013-2094;N/A
CVE-2013-2017;N/A
CVE-2013-1979;N/A
CVE-2013-1959;N/A
CVE-2013-3302;N/A
CVE-2013-3301;N/A
CVE-2013-2015;N/A
CVE-2013-1928;N/A
CVE-2013-1958;N/A
CVE-2013-1957;N/A
CVE-2013-1956;N/A
CVE-2013-3237;N/A
CVE-2013-3236;N/A
CVE-2013-3235;N/A
CVE-2013-3234;N/A
CVE-2013-3233;N/A
CVE-2013-3232;N/A
CVE-2013-3231;N/A
CVE-2013-3230;N/A
CVE-2013-3229;N/A
CVE-2013-3228;N/A
CVE-2013-3227;N/A
CVE-2013-3226;N/A
CVE-2013-3225;N/A
CVE-2013-3224;N/A
CVE-2013-3223;N/A
CVE-2013-3222;N/A
CVE-2013-3076;N/A
CVE-2013-2596;N/A
CVE-2013-1858;N/A
CVE-2013-2636;N/A
CVE-2013-2635;N/A
CVE-2013-2634;N/A
CVE-2013-1860;N/A
CVE-2013-1848;N/A
CVE-2013-1828;N/A
CVE-2013-1827;N/A
CVE-2013-1826;N/A
CVE-2013-1798;N/A
CVE-2013-1797;N/A
CVE-2013-1796;N/A
CVE-2013-1792;N/A
CVE-2013-0914;N/A
CVE-2013-0913;N/A
CVE-2013-2548;N/A
CVE-2013-2547;N/A
CVE-2013-2546;N/A
CVE-2012-6549;N/A
CVE-2012-6548;N/A
CVE-2012-6547;N/A
CVE-2012-6546;N/A
CVE-2012-6545;N/A
CVE-2012-6544;N/A
CVE-2012-6543;N/A
CVE-2012-6542;N/A
CVE-2012-6541;N/A
CVE-2012-6540;N/A
CVE-2012-6539;N/A
CVE-2012-6538;N/A
CVE-2012-6537;N/A
CVE-2012-6536;N/A
CVE-2013-1819;N/A
CVE-2013-0228;N/A
CVE-2011-3638;N/A
CVE-2011-2905;N/A
CVE-2011-2491;N/A
CVE-2011-2479;5.5
CVE-2011-1182;N/A
CVE-2011-1019;N/A
CVE-2012-1568;N/A
CVE-2013-1774;N/A
CVE-2013-1773;N/A
CVE-2013-1772;N/A
CVE-2013-1767;N/A
CVE-2013-1763;N/A
CVE-2013-0349;N/A
CVE-2013-0343;N/A
CVE-2012-4542;N/A
CVE-2013-0313;N/A
CVE-2013-0311;N/A
CVE-2013-0310;N/A
CVE-2013-0309;N/A
CVE-2013-0290;N/A
CVE-2012-5375;N/A
CVE-2012-5374;N/A
CVE-2013-0871;N/A
CVE-2013-0268;N/A
CVE-2013-0217;N/A
CVE-2013-0216;N/A
CVE-2013-0160;N/A
CVE-2012-4530;N/A
CVE-2012-4398;N/A
CVE-2013-0231;N/A
CVE-2013-0190;N/A
CVE-2012-4461;N/A
CVE-2012-3364;N/A
CVE-2012-2372;N/A
CVE-2012-2137;N/A
CVE-2012-2119;N/A
CVE-2012-5532;N/A
CVE-2012-2669;N/A
CVE-2012-5517;N/A
CVE-2012-4565;N/A
CVE-2012-4508;N/A
CVE-2012-4444;N/A
CVE-2012-0957;N/A
CVE-2012-4467;N/A
CVE-2012-4453;N/A
CVE-2012-3511;N/A
CVE-2012-3552;5.9
CVE-2012-3520;N/A
CVE-2012-3510;N/A
CVE-2012-3430;N/A
CVE-2012-3412;N/A
CVE-2012-3400;N/A
CVE-2012-3375;N/A
CVE-2011-3209;N/A
CVE-2011-1833;N/A
CVE-2012-2745;N/A
CVE-2012-2744;N/A
CVE-2012-2373;N/A
CVE-2012-2136;N/A
CVE-2012-2133;N/A
CVE-2012-2100;N/A
CVE-2012-0045;N/A
CVE-2011-4127;N/A
CVE-2011-4086;N/A
CVE-2012-2127;N/A
CVE-2012-0028;N/A
CVE-2011-4914;N/A
CVE-2011-4913;N/A
CVE-2011-4324;N/A
CVE-2011-1493;N/A
CVE-2011-1479;N/A
CVE-2011-1477;N/A
CVE-2011-1476;N/A
CVE-2011-1160;N/A
CVE-2011-1080;N/A
CVE-2011-1079;N/A
CVE-2011-1078;N/A
CVE-2011-1023;N/A
CVE-2011-1021;N/A
CVE-2011-0716;N/A
CVE-2011-0006;N/A
CVE-2010-4650;N/A
CVE-2010-4648;N/A
CVE-2010-4250;N/A
CVE-2012-1583;N/A
CVE-2012-2390;N/A
CVE-2012-2384;N/A
CVE-2012-2383;N/A
CVE-2012-2375;N/A
CVE-2012-2313;N/A
CVE-2011-2496;N/A
CVE-2011-2495;N/A
CVE-2011-2494;N/A
CVE-2011-2493;N/A
CVE-2011-2211;N/A
CVE-2011-2210;N/A
CVE-2011-2209;N/A
CVE-2011-2208;N/A
CVE-2011-2183;N/A
CVE-2011-2182;N/A
CVE-2011-1927;N/A
CVE-2011-1768;N/A
CVE-2011-1767;N/A
CVE-2011-1759;N/A
CVE-2011-4081;5.5
CVE-2011-4080;N/A
CVE-2011-3363;6.5
CVE-2011-3359;7.5
CVE-2011-3353;5.5
CVE-2011-3191;8.8
CVE-2011-3188;9.1
CVE-2011-2918;5.5
CVE-2011-2906;5.5
CVE-2011-2898;5.5
CVE-2011-2707;6.0
CVE-2011-2699;7.5
CVE-2011-2521;N/A
CVE-2011-2518;N/A
CVE-2011-2517;N/A
CVE-2012-2319;N/A
CVE-2012-2123;N/A
CVE-2012-2121;N/A
CVE-2012-1601;N/A
CVE-2012-1179;N/A
CVE-2012-1146;5.5
CVE-2012-1097;7.8
CVE-2012-1090;5.5
CVE-2012-0879;5.5
CVE-2012-0207;7.5
CVE-2012-0058;5.5
CVE-2012-0044;7.8
CVE-2012-0038;5.5
CVE-2011-4621;5.5
CVE-2011-4611;N/A
CVE-2011-4594;5.5
CVE-2011-4326;N/A
CVE-2011-4131;N/A
CVE-2011-4112;5.5
CVE-2011-4097;5.5
CVE-2011-3637;5.5
CVE-2010-4563;N/A
CVE-2011-2525;7.8
CVE-2011-1573;5.9
CVE-2012-0056;N/A
CVE-2011-4330;N/A
CVE-2011-4325;N/A
CVE-2011-4132;N/A
CVE-2011-4110;N/A
CVE-2011-4077;N/A
CVE-2011-2203;N/A
CVE-2011-1162;N/A
CVE-2011-1478;N/A
CVE-2011-2189;7.5
CVE-2011-1076;N/A
CVE-2011-3345;N/A
CVE-2011-2724;N/A
CVE-2011-2184;N/A
CVE-2011-1776;6.1
CVE-2011-1771;7.8
CVE-2011-2723;N/A
CVE-2011-2700;N/A
CVE-2011-1576;N/A
CVE-2011-2497;N/A
CVE-2011-2213;N/A
CVE-2011-2928;N/A
CVE-2011-2695;N/A
CVE-2011-2689;N/A
CVE-2011-2492;N/A
CVE-2011-1093;N/A
CVE-2011-0726;N/A
CVE-2010-4656;7.8
CVE-2010-4655;5.5
CVE-2011-2484;N/A
CVE-2011-1770;7.5
CVE-2011-2534;7.8
CVE-2011-1173;N/A
CVE-2011-1172;N/A
CVE-2011-1171;N/A
CVE-2011-1170;N/A
CVE-2011-1581;N/A
CVE-2010-4805;7.5
CVE-2010-4251;7.5
CVE-2011-1748;N/A
CVE-2011-1598;N/A
CVE-2011-2022;N/A
CVE-2011-1747;N/A
CVE-2011-1746;N/A
CVE-2011-1745;N/A
CVE-2011-1090;N/A
CVE-2011-1013;N/A
CVE-2011-0714;N/A
CVE-2011-1593;N/A
CVE-2011-1577;N/A
CVE-2011-1495;N/A
CVE-2011-1494;N/A
CVE-2011-1169;N/A
CVE-2011-1163;N/A
CVE-2011-0463;N/A
CVE-2011-1083;N/A
CVE-2011-1082;N/A
CVE-2011-0695;N/A
CVE-2011-1017;N/A
CVE-2011-1012;N/A
CVE-2011-1010;N/A
CVE-2011-0711;N/A
CVE-2011-1020;N/A
CVE-2011-1016;N/A
CVE-2011-0999;N/A
CVE-2011-0431;N/A
CVE-2011-1044;N/A
CVE-2011-0712;N/A
CVE-2011-0710;N/A
CVE-2011-0709;7.5
CVE-2010-4649;N/A
CVE-2011-0521;N/A
CVE-2010-4256;N/A
CVE-2010-4243;N/A
CVE-2010-4238;N/A
CVE-2010-4263;N/A
CVE-2010-3086;N/A
CVE-2010-4529;N/A
CVE-2010-4527;N/A
CVE-2010-4526;N/A
CVE-2010-4525;N/A
CVE-2010-4247;N/A
CVE-2010-4242;N/A
CVE-2010-4175;N/A
CVE-2010-3865;N/A
CVE-2010-4160;N/A
CVE-2010-4668;N/A
CVE-2010-4164;N/A
CVE-2010-4163;N/A
CVE-2010-4162;N/A
CVE-2010-3877;N/A
CVE-2010-3876;N/A
CVE-2010-3875;N/A
CVE-2010-3873;N/A
CVE-2010-3448;N/A
CVE-2010-4342;N/A
CVE-2010-4258;N/A
CVE-2010-4161;N/A
CVE-2010-4158;N/A
CVE-2010-3850;N/A
CVE-2010-3849;N/A
CVE-2010-3848;N/A
CVE-2010-4565;N/A
CVE-2010-4343;5.5
CVE-2010-3874;N/A
CVE-2010-3859;N/A
CVE-2010-3881;N/A
CVE-2010-4347;N/A
CVE-2010-4346;N/A
CVE-2010-4157;N/A
CVE-2010-3880;N/A
CVE-2010-3861;N/A
CVE-2010-3699;N/A
CVE-2010-3904;N/A
CVE-2010-3066;N/A
CVE-2010-4083;N/A
CVE-2010-4082;N/A
CVE-2010-4081;N/A
CVE-2010-4080;N/A
CVE-2010-4248;N/A
CVE-2010-3858;N/A
CVE-2010-4249;N/A
CVE-2010-4079;N/A
CVE-2010-4078;N/A
CVE-2010-4077;N/A
CVE-2010-4076;N/A
CVE-2010-4075;N/A
CVE-2010-4074;N/A
CVE-2010-4073;N/A
CVE-2010-4072;N/A
CVE-2010-3705;N/A
CVE-2010-3698;N/A
CVE-2010-2963;N/A
CVE-2010-2962;N/A
CVE-2010-4169;N/A
CVE-2010-4165;N/A
CVE-2010-3432;N/A
CVE-2010-3110;N/A
CVE-2010-2938;N/A
CVE-2010-2653;N/A
CVE-2010-3442;N/A
CVE-2010-3437;N/A
CVE-2010-3298;N/A
CVE-2010-3297;N/A
CVE-2010-3296;N/A
CVE-2010-3079;5.5
CVE-2010-2943;8.1
CVE-2010-2538;5.5
CVE-2010-2537;7.1
CVE-2010-3310;N/A
CVE-2010-3084;N/A
CVE-2010-2946;N/A
CVE-2010-2478;N/A
CVE-2010-3081;7.8
CVE-2010-3301;N/A
CVE-2010-3477;N/A
CVE-2010-3080;N/A
CVE-2010-3078;5.5
CVE-2010-3067;N/A
CVE-2010-2942;5.5
CVE-2010-2960;7.8
CVE-2010-2959;N/A
CVE-2010-2955;N/A
CVE-2010-2803;N/A
CVE-2010-2798;7.8
CVE-2010-2524;7.8
CVE-2010-2495;N/A
CVE-2010-2492;7.8
CVE-2010-2066;5.5
CVE-2009-4895;N/A
CVE-2010-2521;N/A
CVE-2010-2248;N/A
CVE-2010-2954;N/A
CVE-2010-2240;N/A
CVE-2010-2226;N/A
CVE-2010-3015;N/A
CVE-2010-2071;N/A
CVE-2010-2070;N/A
CVE-2010-1636;N/A
CVE-2010-1643;N/A
CVE-2008-7256;N/A
CVE-2010-1641;N/A
CVE-2010-1446;N/A
CVE-2010-1436;N/A
CVE-2010-0730;N/A
CVE-2010-1451;N/A
CVE-2010-1437;N/A
CVE-2010-1173;N/A
CVE-2010-1488;N/A
CVE-2010-1162;N/A
CVE-2010-1146;N/A
CVE-2010-0741;N/A
CVE-2010-1148;N/A
CVE-2010-0743;N/A
CVE-2010-1088;N/A
CVE-2010-1087;N/A
CVE-2010-1086;N/A
CVE-2010-1085;N/A
CVE-2010-1084;N/A
CVE-2010-1083;N/A
CVE-2010-1188;N/A
CVE-2010-1187;N/A
CVE-2010-0437;N/A
CVE-2010-0008;N/A
CVE-2009-4271;N/A
CVE-2010-0729;N/A
CVE-2010-0727;N/A
CVE-2007-6733;N/A
CVE-2005-4886;N/A
CVE-2010-0148;N/A
CVE-2010-0410;N/A
CVE-2010-0415;N/A
CVE-2010-0307;N/A
CVE-2010-0623;N/A
CVE-2010-0622;N/A
CVE-2010-0291;N/A
CVE-2010-0297;N/A
CVE-2009-4272;N/A
CVE-2009-3556;N/A
CVE-2010-0006;N/A
CVE-2010-0003;N/A
CVE-2010-0007;N/A
CVE-2009-4141;N/A
CVE-2009-4538;N/A
CVE-2009-4537;N/A
CVE-2009-4536;N/A
CVE-2009-4410;N/A
CVE-2009-4138;N/A
CVE-2009-4308;N/A
CVE-2009-4307;N/A
CVE-2009-4306;N/A
CVE-2009-4131;N/A
CVE-2009-1298;N/A
CVE-2009-4020;N/A
CVE-2009-4027;N/A
CVE-2009-4026;N/A
CVE-2009-4031;N/A
CVE-2009-4021;N/A
CVE-2009-3080;N/A
CVE-2009-4005;N/A
CVE-2009-4004;7.8
CVE-2009-3939;N/A
CVE-2009-3889;N/A
CVE-2009-3888;N/A
CVE-2009-3726;N/A
CVE-2009-3725;N/A
CVE-2009-3547;7.0
CVE-2009-3624;N/A
CVE-2009-3722;N/A
CVE-2009-3623;N/A
CVE-2009-3640;N/A
CVE-2009-3638;N/A
CVE-2009-3621;5.5
CVE-2009-3620;N/A
CVE-2009-2910;N/A
CVE-2009-2909;N/A
CVE-2009-3613;N/A
CVE-2009-3612;N/A
CVE-2009-3228;N/A
CVE-2005-4881;N/A
CVE-2009-2908;N/A
CVE-2009-3290;N/A
CVE-2009-3288;N/A
CVE-2009-3286;N/A
CVE-2009-3280;N/A
CVE-2009-3238;N/A
CVE-2009-1883;N/A
CVE-2009-3234;N/A
CVE-2009-2903;N/A
CVE-2009-3043;N/A
CVE-2009-3002;N/A
CVE-2009-3001;N/A
CVE-2009-2695;N/A
CVE-2009-2698;N/A
CVE-2009-2849;N/A
CVE-2009-2848;N/A
CVE-2009-2847;N/A
CVE-2009-2846;N/A
CVE-2009-2844;N/A
CVE-2009-2768;7.8
CVE-2009-2767;N/A
CVE-2009-2692;N/A
CVE-2009-2691;N/A
CVE-2009-2407;N/A
CVE-2009-2406;N/A
CVE-2009-2584;N/A
CVE-2009-1897;N/A
CVE-2009-1895;N/A
CVE-2009-1388;N/A
CVE-2009-2287;N/A
CVE-2009-1389;N/A
CVE-2009-1961;N/A
CVE-2009-1914;N/A
CVE-2009-1385;N/A
CVE-2009-1633;N/A
CVE-2009-1758;N/A
CVE-2009-1630;N/A
CVE-2009-1527;N/A
CVE-2009-1184;N/A
CVE-2009-1439;N/A
CVE-2009-1192;N/A
CVE-2009-1360;N/A
CVE-2009-1338;N/A
CVE-2009-1337;N/A
CVE-2009-1336;N/A
CVE-2009-1186;N/A
CVE-2009-1185;N/A
CVE-2009-1265;N/A
CVE-2009-1243;N/A
CVE-2009-1242;N/A
CVE-2009-1072;N/A
CVE-2009-0787;N/A
CVE-2009-1046;N/A
CVE-2009-0935;N/A
CVE-2009-0778;N/A
CVE-2009-0859;N/A
CVE-2009-0835;N/A
CVE-2009-0834;N/A
CVE-2009-0748;N/A
CVE-2009-0747;N/A
CVE-2009-0746;N/A
CVE-2009-0745;N/A
CVE-2009-0028;N/A
CVE-2009-0676;N/A
CVE-2009-0675;N/A
CVE-2009-0605;N/A
CVE-2008-6107;N/A
CVE-2009-0322;N/A
CVE-2009-0269;N/A
CVE-2009-0031;N/A
CVE-2008-5916;N/A
CVE-2009-0029;N/A
CVE-2009-0024;N/A
CVE-2008-4307;N/A
CVE-2009-0065;N/A
CVE-2008-4539;N/A
CVE-2008-5713;N/A
CVE-2008-5702;N/A
CVE-2008-5701;N/A
CVE-2008-5700;N/A
CVE-2008-5395;N/A
CVE-2008-5079;N/A
CVE-2008-5300;N/A
CVE-2008-5188;N/A
CVE-2008-5182;N/A
CVE-2008-5134;N/A
CVE-2008-5025;N/A
CVE-2008-5033;N/A
CVE-2008-5029;N/A
CVE-2008-4395;N/A
CVE-2008-4934;N/A
CVE-2008-4933;N/A
CVE-2008-3527;N/A
CVE-2008-4618;N/A
CVE-2008-3831;N/A
CVE-2008-4576;N/A
CVE-2008-4554;N/A
CVE-2008-4445;N/A
CVE-2008-4410;N/A
CVE-2008-3833;N/A
CVE-2008-3832;N/A
CVE-2008-4302;N/A
CVE-2008-4210;N/A
CVE-2008-3528;N/A
CVE-2008-4113;N/A
CVE-2008-3889;N/A
CVE-2008-3915;N/A
CVE-2007-6716;5.5
CVE-2008-3911;N/A
CVE-2008-3525;N/A
CVE-2008-3792;N/A
CVE-2008-3901;N/A
CVE-2008-3526;N/A
CVE-2008-3276;N/A
CVE-2008-3686;N/A
CVE-2008-3275;5.5
CVE-2008-3534;N/A
CVE-2008-3535;N/A
CVE-2008-3272;N/A
CVE-2008-3496;N/A
CVE-2008-3247;N/A
CVE-2008-2931;7.8
CVE-2008-2812;7.8
CVE-2008-3077;N/A
CVE-2008-2372;N/A
CVE-2008-2826;N/A
CVE-2008-0598;N/A
CVE-2008-2729;N/A
CVE-2008-2365;N/A
CVE-2008-2944;N/A
CVE-2008-2750;N/A
CVE-2008-1673;N/A
CVE-2008-2358;N/A
CVE-2008-2137;N/A
CVE-2008-2136;N/A
CVE-2008-2148;N/A
CVE-2007-5001;N/A
CVE-2007-5498;N/A
CVE-2007-6282;N/A
CVE-2008-1615;N/A
CVE-2008-1669;N/A
CVE-2008-1294;N/A
CVE-2008-1375;N/A
CVE-2008-1675;N/A
CVE-2008-1926;N/A
CVE-2007-6712;N/A
CVE-2008-1514;N/A
CVE-2008-1367;N/A
CVE-2008-0009;N/A
CVE-2008-0010;N/A
CVE-2008-0163;N/A
CVE-2008-0600;N/A
CVE-2008-0731;N/A
CVE-2008-0007;N/A
CVE-2007-4130;N/A
CVE-2007-6694;N/A
CVE-2008-0352;N/A
CVE-2008-0001;N/A
CVE-2007-4567;N/A
CVE-2007-5966;N/A
CVE-2007-6434;N/A
CVE-2007-6417;N/A
CVE-2007-6151;N/A
CVE-2007-5938;N/A
CVE-2007-6206;N/A
CVE-2007-5494;N/A
CVE-2007-6063;N/A
CVE-2007-5500;N/A
CVE-2007-5501;N/A
CVE-2006-7229;N/A
CVE-2007-5904;N/A
CVE-2007-4997;N/A
CVE-2007-3850;N/A
CVE-2007-4574;N/A
CVE-2007-4133;N/A
CVE-2007-5191;N/A
CVE-2007-5093;N/A
CVE-2007-4571;N/A
CVE-2007-5087;N/A
CVE-2007-4573;N/A
CVE-2007-0004;N/A
CVE-2007-0997;N/A
CVE-2007-1865;N/A
CVE-2007-3379;N/A
CVE-2007-3731;N/A
CVE-2007-3740;N/A
CVE-2007-3848;N/A
CVE-2007-4308;N/A
CVE-2007-4311;N/A
CVE-2007-3851;N/A
CVE-2007-3843;N/A
CVE-2007-3105;N/A
CVE-2007-3945;N/A
CVE-2007-3380;N/A
CVE-2007-3719;N/A
CVE-2007-3720;N/A
CVE-2007-3107;N/A
CVE-2007-3642;N/A
CVE-2007-3513;N/A
CVE-2007-0773;N/A
CVE-2007-2951;N/A
CVE-2007-3104;N/A
CVE-2007-2453;N/A
CVE-2007-2876;N/A
CVE-2007-2875;N/A
CVE-2007-2451;N/A
CVE-2007-2878;N/A
CVE-2007-2831;N/A
CVE-2007-2764;N/A
CVE-2006-7203;N/A
CVE-2007-2525;N/A
CVE-2007-1861;N/A
CVE-2007-2480;N/A
CVE-2007-0771;N/A
CVE-2007-2242;N/A
CVE-2007-1353;N/A
CVE-2007-2172;N/A
CVE-2007-1357;N/A
CVE-2006-7177;N/A
CVE-2007-1734;N/A
CVE-2007-1730;N/A
CVE-2007-1592;N/A
CVE-2007-1496;N/A
CVE-2007-1497;N/A
CVE-2007-1000;N/A
CVE-2007-1388;N/A
CVE-2007-0005;N/A
CVE-2007-0001;N/A
CVE-2007-1217;N/A
CVE-2006-7051;N/A
CVE-2007-0772;N/A
CVE-2007-0958;N/A
CVE-2007-0822;N/A
CVE-2007-0006;N/A
CVE-2006-5753;N/A
CVE-2006-5754;N/A
CVE-2006-6535;N/A
CVE-2006-6921;N/A
CVE-2006-5749;N/A
CVE-2006-5755;N/A
CVE-2006-4814;N/A
CVE-2006-6655;N/A
CVE-2006-6106;N/A
CVE-2006-6304;N/A
CVE-2006-5648;N/A
CVE-2006-5649;N/A
CVE-2006-5871;N/A
CVE-2006-6333;N/A
CVE-2006-5751;N/A
CVE-2006-6128;N/A
CVE-2006-6053;N/A
CVE-2006-6054;N/A
CVE-2006-6056;N/A
CVE-2006-6057;N/A
CVE-2006-6058;N/A
CVE-2006-6060;N/A
CVE-2006-5461;N/A
CVE-2006-5823;N/A
CVE-2006-4572;N/A
CVE-2006-5757;N/A
CVE-2006-5701;N/A
CVE-2006-5619;N/A
CVE-2006-5173;N/A
CVE-2006-4342;N/A
CVE-2006-4813;N/A
CVE-2006-4997;N/A
CVE-2006-5174;N/A
CVE-2006-3741;N/A
CVE-2006-5158;N/A
CVE-2006-4535;N/A
CVE-2006-4623;N/A
CVE-2006-4663;N/A
CVE-2006-4538;N/A
CVE-2006-2932;N/A
CVE-2006-3745;N/A
CVE-2006-4093;N/A
CVE-2006-4145;N/A
CVE-2006-2446;N/A
CVE-2006-3634;N/A
CVE-2006-3468;N/A
CVE-2006-3626;N/A
CVE-2006-2450;N/A
CVE-2006-2936;N/A
CVE-2006-2451;N/A
CVE-2006-2935;N/A
CVE-2006-2934;N/A
CVE-2006-0456;N/A
CVE-2006-2445;N/A
CVE-2006-2448;N/A
CVE-2006-3085;N/A
CVE-2006-2629;N/A
CVE-2006-2444;N/A
CVE-2006-1862;N/A
CVE-2006-1857;N/A
CVE-2006-1858;N/A
CVE-2006-1856;N/A
CVE-2006-0039;N/A
CVE-2006-1528;N/A
CVE-2006-1855;N/A
CVE-2006-1859;N/A
CVE-2006-1860;N/A
CVE-2006-2274;N/A
CVE-2006-2275;N/A
CVE-2006-2271;N/A
CVE-2006-2272;N/A
CVE-2006-1527;N/A
CVE-2006-2071;N/A
CVE-2006-1863;N/A
CVE-2006-1056;N/A
CVE-2006-1524;N/A
CVE-2006-1525;N/A
CVE-2006-0744;N/A
CVE-2006-0558;N/A
CVE-2006-1523;N/A
CVE-2006-1522;N/A
CVE-2006-1055;N/A
CVE-2006-1066;N/A
CVE-2006-1368;N/A
CVE-2006-0038;N/A
CVE-2006-1342;N/A
CVE-2006-1343;N/A
CVE-2006-1242;N/A
CVE-2006-0457;N/A
CVE-2006-0557;N/A
CVE-2006-0742;N/A
CVE-2006-0554;N/A
CVE-2006-0555;N/A
CVE-2006-0741;N/A
CVE-2006-0454;N/A
CVE-2006-0482;N/A
CVE-2006-0036;N/A
CVE-2006-0037;N/A
CVE-2006-0035;N/A
CVE-2006-0095;N/A
CVE-2006-0096;N/A
CVE-2005-0136;N/A
CVE-2005-0489;N/A
CVE-2005-3356;N/A
CVE-2005-3359;N/A
CVE-2005-3623;N/A
CVE-2005-4347;N/A
CVE-2005-4418;N/A
CVE-2005-4605;N/A
CVE-2005-4618;N/A
CVE-2005-4635;N/A
CVE-2005-4639;N/A
CVE-2005-4798;N/A
CVE-2005-4811;N/A
CVE-2005-3660;N/A
CVE-2005-3358;N/A
CVE-2005-3858;N/A
CVE-2005-3857;N/A
CVE-2005-3847;N/A
CVE-2005-3848;N/A
CVE-2005-3805;N/A
CVE-2005-3806;N/A
CVE-2005-3807;N/A
CVE-2005-3808;N/A
CVE-2005-3809;N/A
CVE-2005-3810;N/A
CVE-2005-3783;N/A
CVE-2005-3784;N/A
CVE-2005-3753;N/A
CVE-2005-2709;N/A
CVE-2005-3527;N/A
CVE-2005-2708;N/A
CVE-2005-2100;N/A
CVE-2005-3271;N/A
CVE-2005-3272;N/A
CVE-2005-3273;N/A
CVE-2005-3274;N/A
CVE-2005-3275;N/A
CVE-2005-3276;N/A
CVE-2005-3257;N/A
CVE-2005-3180;N/A
CVE-2005-3181;N/A
CVE-2005-3119;N/A
CVE-2005-3179;N/A
CVE-2005-1764;N/A
CVE-2005-3107;N/A
CVE-2005-3108;N/A
CVE-2005-3109;N/A
CVE-2005-3053;N/A
CVE-2005-3055;N/A
CVE-2005-3044;N/A
CVE-2005-1913;N/A
CVE-2005-2490;N/A
CVE-2005-2492;N/A
CVE-2005-2872;N/A
CVE-2005-2873;N/A
CVE-2005-2700;N/A
CVE-2005-2800;N/A
CVE-2005-2801;N/A
CVE-2005-2098;N/A
CVE-2005-2099;N/A
CVE-2005-2457;N/A
CVE-2005-2458;N/A
CVE-2005-2459;N/A
CVE-2005-2627;N/A
CVE-2005-2617;N/A
CVE-2005-2555;N/A
CVE-2005-2548;N/A
CVE-2005-2553;N/A
CVE-2005-2500;N/A
CVE-2005-1761;N/A
CVE-2005-1767;N/A
CVE-2005-2456;N/A
CVE-2005-1762;N/A
CVE-2005-1768;N/A
CVE-2005-1265;N/A
CVE-2005-1763;N/A
CVE-2005-0756;N/A
CVE-2005-1765;N/A
CVE-2005-1264;N/A
CVE-2005-1589;N/A
CVE-2005-1263;N/A
CVE-2005-0001;N/A
CVE-2005-0090;N/A
CVE-2005-0091;N/A
CVE-2005-0135;N/A
CVE-2005-0137;N/A
CVE-2005-0204;N/A
CVE-2005-0207;N/A
CVE-2005-0209;N/A
CVE-2005-0210;N/A
CVE-2005-0400;N/A
CVE-2005-0449;N/A
CVE-2005-0529;N/A
CVE-2005-0530;N/A
CVE-2005-0531;N/A
CVE-2005-0532;N/A
CVE-2005-0815;N/A
CVE-2005-0839;N/A
CVE-2005-0867;N/A
CVE-2005-0916;N/A
CVE-2005-0977;N/A
CVE-2005-1041;N/A
CVE-2005-1368;N/A
CVE-2005-1369;N/A
CVE-2004-0812;N/A
CVE-2004-1235;N/A
CVE-2005-0003;N/A
CVE-2005-0124;N/A
CVE-2005-0749;N/A
CVE-2005-0750;N/A
CVE-2005-0384;N/A
CVE-2005-0767;N/A
CVE-2005-0504;N/A
CVE-2005-0736;N/A
CVE-2005-0177;N/A
CVE-2005-0178;N/A
CVE-2005-0179;N/A
CVE-2005-0180;N/A
CVE-2005-0937;N/A
CVE-2005-0092;N/A
CVE-2004-0887;N/A
CVE-2004-1057;N/A
CVE-2004-0883;N/A
CVE-2004-0949;N/A
CVE-2004-1016;N/A
CVE-2004-1056;N/A
CVE-2004-1058;N/A
CVE-2004-1068;N/A
CVE-2004-1069;N/A
CVE-2004-1070;N/A
CVE-2004-1071;N/A
CVE-2004-1072;N/A
CVE-2004-1073;N/A
CVE-2004-1074;N/A
CVE-2004-1137;N/A
CVE-2004-1151;N/A
CVE-2004-1190;N/A
CVE-2004-1191;N/A
CVE-2004-0138;N/A
CVE-2004-0491;N/A
CVE-2004-0592;N/A
CVE-2004-0997;N/A
CVE-2004-1017;N/A
CVE-2004-2013;N/A
CVE-2004-2302;N/A
CVE-2004-2536;N/A
CVE-2004-2607;N/A
CVE-2004-2613;N/A
CVE-2004-2660;N/A
CVE-2004-2731;N/A
CVE-2004-0685;N/A
CVE-2004-0814;N/A
CVE-2004-0816;N/A
CVE-2004-1337;N/A
CVE-2004-1333;N/A
CVE-2004-1334;N/A
CVE-2004-1335;N/A
CVE-2004-0496;N/A
CVE-2004-0497;N/A
CVE-2004-0602;N/A
CVE-2004-0626;N/A
CVE-2004-0415;N/A
CVE-2004-0175;N/A
CVE-2004-0228;N/A
CVE-2004-0229;N/A
CVE-2004-0394;N/A
CVE-2004-0495;N/A
CVE-2004-0535;N/A
CVE-2004-0554;N/A
CVE-2004-0587;N/A
CVE-2004-0596;N/A
CVE-2004-0424;N/A
CVE-2004-0427;N/A
CVE-2004-0482;N/A
CVE-2004-0109;N/A
CVE-2004-0177;N/A
CVE-2004-2135;N/A
CVE-2004-1983;N/A
CVE-2003-1040;N/A
CVE-2004-0075;N/A
CVE-2004-0003;N/A
CVE-2004-0010;N/A
CVE-2004-0077;N/A
CVE-2004-2136;N/A
CVE-2004-0001;N/A
CVE-2003-0985;N/A
CVE-2003-0984;N/A
CVE-2003-0956;N/A
CVE-2003-0959;N/A
CVE-2003-0986;N/A
CVE-2003-1161;N/A
CVE-2003-1288;N/A
CVE-2003-0856;N/A
CVE-2003-0961;N/A
CVE-2003-0464;N/A
CVE-2003-0467;N/A
CVE-2003-0619;N/A
CVE-2003-0465;N/A
CVE-2003-0643;N/A
CVE-2003-0418;N/A
CVE-2003-0246;N/A
CVE-2003-0247;N/A
CVE-2003-0248;N/A
CVE-2003-0364;N/A
CVE-2003-0244;N/A
CVE-2003-0127;N/A
CVE-2003-0018;N/A
CVE-2003-0019;N/A
CVE-2002-1571;N/A
CVE-2002-1572;N/A
CVE-2002-1573;N/A
CVE-2002-1826;N/A
CVE-2002-1963;N/A
CVE-2002-1976;N/A
CVE-2002-2016;N/A
CVE-2002-2254;N/A
CVE-2002-1380;N/A
CVE-2002-1319;N/A
CVE-2002-0429;N/A
CVE-2002-0499;N/A
CVE-2002-0510;N/A
CVE-2002-0570;N/A
CVE-2002-0046;N/A
CVE-2001-1551;N/A
CVE-2001-1572;N/A
CVE-2001-0851;N/A
CVE-2001-0859;N/A
CVE-2001-0914;N/A
CVE-2001-0907;N/A
CVE-2001-1384;N/A
CVE-2001-0268;N/A
CVE-2001-0316;N/A
CVE-2001-0317;N/A
CVE-2001-1390;N/A
CVE-2001-1391;N/A
CVE-2001-1392;N/A
CVE-2001-1393;N/A
CVE-2001-1394;N/A
CVE-2001-1395;N/A
CVE-2001-1396;N/A
CVE-2001-1397;N/A
CVE-2001-1398;N/A
CVE-2001-1399;N/A
CVE-2001-1400;N/A
CVE-2001-1273;N/A
CVE-2000-0867;N/A
CVE-2000-0747;N/A
CVE-2000-0506;N/A
CVE-2000-0344;N/A
CVE-2000-0274;N/A
CVE-2000-0227;N/A
CVE-1999-1339;N/A
CVE-1999-1341;N/A
CVE-1999-1018;N/A
CVE-1999-1166;N/A
CVE-1999-0804;N/A
CVE-1999-0431;N/A
CVE-1999-1406;N/A
CVE-1999-1442;N/A
CVE-1999-1387;N/A
